order_id,user_id,order_date,channel,order_value_usd
ORD-10000,USR-1661,2026-01-30,Meta Ads,74.04
ORD-10001,USR-1286,2026-02-05,Direct,94.26
ORD-10002,USR-1445,2026-02-24,Google Ads,59.38
ORD-10003,USR-1656,2026-02-24,TikTok Ads,46.59
ORD-10004,USR-1236,2026-05-16,TikTok Ads,27.58
ORD-10005,USR-2271,2026-04-25,Meta Ads,71.7
ORD-10006,USR-2107,2026-05-01,TikTok Ads,80.48
ORD-10007,USR-1783,2026-02-01,Meta Ads,68.22
ORD-10008,USR-1113,2026-05-22,Meta Ads,50.88
ORD-10009,USR-1760,2026-04-15,Meta Ads,73.15
ORD-10010,USR-2430,2026-03-16,Organic Search,113.95
ORD-10011,USR-1405,2026-02-24,Meta Ads,67.18
ORD-10012,USR-1243,2026-03-27,Google Ads,36.89
ORD-10013,USR-1593,2026-02-18,Meta Ads,80.93
ORD-10014,USR-2485,2026-06-07,Organic Search,99.62
ORD-10015,USR-1072,2026-03-21,Meta Ads,48.87
ORD-10016,USR-1129,2026-06-12,Meta Ads,38.48
ORD-10017,USR-1265,2026-01-20,Google Ads,101.36
ORD-10018,USR-2312,2026-01-25,Google Ads,111.89
ORD-10019,USR-1335,2026-01-14,Meta Ads,95.31
ORD-10020,USR-1482,2026-05-05,Meta Ads,56.86
ORD-10021,USR-1481,2026-01-25,TikTok Ads,22.16
ORD-10022,USR-2196,2026-01-25,Meta Ads,72.7
ORD-10023,USR-1091,2026-02-01,Meta Ads,47.74
ORD-10024,USR-1988,2026-03-19,Organic Search,26.09
ORD-10025,USR-1042,2026-05-14,Meta Ads,80.06
ORD-10026,USR-1286,2026-03-01,Google Ads,21.44
ORD-10027,USR-1641,2026-06-11,Google Ads,65.88
ORD-10028,USR-2079,2026-06-27,Meta Ads,46.22
ORD-10029,USR-1148,2026-03-24,Meta Ads,27.75
ORD-10030,USR-1399,2026-04-25,Meta Ads,21.54
ORD-10031,USR-1784,2026-01-04,TikTok Ads,39.43
ORD-10032,USR-1819,2026-05-04,Meta Ads,83.85
ORD-10033,USR-2086,2026-06-15,Google Ads,98.17
ORD-10034,USR-1482,2026-03-03,TikTok Ads,53.61
ORD-10035,USR-1454,2026-04-02,Google Ads,92.03
ORD-10036,USR-2206,2026-03-27,Direct,58.7
ORD-10037,USR-1660,2026-05-29,Meta Ads,94.83
ORD-10038,USR-1900,2026-02-27,Meta Ads,37.6
ORD-10039,USR-1671,2026-03-23,Meta Ads,66.22
ORD-10040,USR-1307,2026-05-19,Google Ads,42.93
ORD-10041,USR-1545,2026-04-27,Google Ads,49.09
ORD-10042,USR-2459,2026-03-23,Google Ads,105.25
ORD-10043,USR-1396,2026-02-11,TikTok Ads,28.98
ORD-10044,USR-1424,2026-01-17,TikTok Ads,87.25
ORD-10045,USR-2120,2026-03-01,Meta Ads,103.29
ORD-10046,USR-1231,2026-02-27,Meta Ads,63.46
ORD-10047,USR-1725,2026-02-03,Google Ads,81.85
ORD-10048,USR-1855,2026-03-20,Organic Search,107.66
ORD-10049,USR-1448,2026-03-10,TikTok Ads,61.54
ORD-10050,USR-1086,2026-01-08,Meta Ads,90.21
ORD-10051,USR-1663,2026-04-19,Organic Search,18.73
ORD-10052,USR-1365,2026-05-28,TikTok Ads,119.12
ORD-10053,USR-2414,2026-06-29,TikTok Ads,97.3
ORD-10054,USR-2284,2026-02-20,Meta Ads,72.71
ORD-10055,USR-1137,2026-04-06,Meta Ads,17.2
ORD-10056,USR-2246,2026-04-22,Direct,97.16
ORD-10057,USR-1961,2026-04-14,TikTok Ads,85.07
ORD-10058,USR-1835,2026-02-18,Meta Ads,96.34
ORD-10059,USR-1118,2026-06-18,Direct,19.4
ORD-10060,USR-1651,2026-04-24,Meta Ads,64.81
ORD-10061,USR-1159,2026-01-02,TikTok Ads,93.55
ORD-10062,USR-2249,2026-02-01,TikTok Ads,28.45
ORD-10063,USR-2425,2026-01-15,Meta Ads,38.58
ORD-10064,USR-1845,2026-06-02,Google Ads,61.14
ORD-10065,USR-1413,2026-04-24,Direct,112.47
ORD-10066,USR-1685,2026-06-21,Meta Ads,16.34
ORD-10067,USR-2245,2026-05-29,Meta Ads,105.44
ORD-10068,USR-1148,2026-01-12,Organic Search,94.28
ORD-10069,USR-1301,2026-05-29,Direct,91.49
ORD-10070,USR-1202,2026-05-15,Meta Ads,48.61
ORD-10071,USR-1533,2026-05-30,Direct,71.65
ORD-10072,USR-1540,2026-01-13,Meta Ads,86.96
ORD-10073,USR-2486,2026-06-29,Organic Search,68.11
ORD-10074,USR-1277,2026-03-29,Meta Ads,71.93
ORD-10075,USR-1702,2026-04-07,Google Ads,26.12
ORD-10076,USR-1107,2026-01-23,TikTok Ads,81.81
ORD-10077,USR-1135,2026-05-08,Google Ads,63.46
ORD-10078,USR-2284,2026-05-24,Organic Search,107.55
ORD-10079,USR-2247,2026-05-12,Meta Ads,107.38
ORD-10080,USR-2033,2026-04-08,Meta Ads,92.95
ORD-10081,USR-1922,2026-02-15,TikTok Ads,87.23
ORD-10082,USR-1499,2026-04-22,TikTok Ads,70.04
ORD-10083,USR-2035,2026-03-31,Organic Search,93.3
ORD-10084,USR-2460,2026-01-14,TikTok Ads,53.63
ORD-10085,USR-2014,2026-03-16,TikTok Ads,64.38
ORD-10086,USR-2404,2026-04-11,Meta Ads,82.55
ORD-10087,USR-1226,2026-05-18,Organic Search,29.47
ORD-10088,USR-1404,2026-02-23,TikTok Ads,18.05
ORD-10089,USR-2080,2026-06-23,Google Ads,55.71
ORD-10090,USR-1515,2026-01-17,Google Ads,68.56
ORD-10091,USR-1335,2026-01-03,Meta Ads,38.67
ORD-10092,USR-1535,2026-05-12,Meta Ads,86.03
ORD-10093,USR-2211,2026-03-23,TikTok Ads,101.63
ORD-10094,USR-1210,2026-02-18,TikTok Ads,21.15
ORD-10095,USR-2337,2026-04-19,TikTok Ads,89.31
ORD-10096,USR-1018,2026-06-08,Organic Search,61.22
ORD-10097,USR-2206,2026-04-04,Meta Ads,39.77
ORD-10098,USR-1762,2026-03-04,Meta Ads,99.14
ORD-10099,USR-2019,2026-02-16,Direct,46.44
ORD-10100,USR-2283,2026-06-10,Google Ads,67.1
ORD-10101,USR-1077,2026-02-16,Meta Ads,93.46
ORD-10102,USR-2423,2026-04-13,Google Ads,36.31
ORD-10103,USR-1972,2026-03-02,Direct,88.53
ORD-10104,USR-1709,2026-04-04,Organic Search,69.4
ORD-10105,USR-2449,2026-04-19,TikTok Ads,104.54
ORD-10106,USR-2372,2026-06-03,Organic Search,63.48
ORD-10107,USR-1703,2026-02-18,Google Ads,65.71
ORD-10108,USR-1637,2026-03-11,TikTok Ads,91.43
ORD-10109,USR-2336,2026-06-12,Google Ads,15.74
ORD-10110,USR-2387,2026-02-10,Meta Ads,29.21
ORD-10111,USR-1984,2026-01-31,Direct,115.44
ORD-10112,USR-1617,2026-06-07,Meta Ads,44.63
ORD-10113,USR-2243,2026-05-15,Meta Ads,97.65
ORD-10114,USR-2205,2026-05-18,Meta Ads,60.03
ORD-10115,USR-2251,2026-03-11,Meta Ads,18.53
ORD-10116,USR-1874,2026-03-25,TikTok Ads,29.62
ORD-10117,USR-2093,2026-06-27,Google Ads,109.48
ORD-10118,USR-2171,2026-06-09,TikTok Ads,28.44
ORD-10119,USR-2449,2026-06-25,Direct,101.93
ORD-10120,USR-2336,2026-04-30,Meta Ads,66.92
ORD-10121,USR-2154,2026-01-21,Meta Ads,91.14
ORD-10122,USR-1370,2026-06-14,Google Ads,117.06
ORD-10123,USR-1444,2026-05-08,Direct,26.98
ORD-10124,USR-1894,2026-06-27,TikTok Ads,41.35
ORD-10125,USR-1288,2026-03-12,TikTok Ads,69.96
ORD-10126,USR-1027,2026-03-02,Meta Ads,90.9
ORD-10127,USR-1176,2026-06-18,TikTok Ads,72.07
ORD-10128,USR-1852,2026-04-08,Google Ads,29.8
ORD-10129,USR-2089,2026-01-22,Organic Search,25.24
ORD-10130,USR-1636,2026-05-24,Google Ads,93.67
ORD-10131,USR-2317,2026-03-17,Meta Ads,99.67
ORD-10132,USR-1242,2026-05-18,Direct,97.56
ORD-10133,USR-1531,2026-02-01,Meta Ads,72.21
ORD-10134,USR-1213,2026-03-09,TikTok Ads,16.88
ORD-10135,USR-1603,2026-03-20,Organic Search,41.83
ORD-10136,USR-1057,2026-05-05,Google Ads,93.83
ORD-10137,USR-2277,2026-04-23,Meta Ads,51.08
ORD-10138,USR-2011,2026-02-13,Google Ads,98.83
ORD-10139,USR-1600,2026-06-16,TikTok Ads,56.73
ORD-10140,USR-1306,2026-06-20,TikTok Ads,35.54
ORD-10141,USR-1507,2026-01-12,Google Ads,98.25
ORD-10142,USR-2095,2026-06-13,Meta Ads,98.78
ORD-10143,USR-1237,2026-02-16,Meta Ads,70.97
ORD-10144,USR-2477,2026-02-11,Google Ads,98.29
ORD-10145,USR-1876,2026-01-07,TikTok Ads,110.15
ORD-10146,USR-1485,2026-04-24,Meta Ads,29.77
ORD-10147,USR-1612,2026-05-09,Meta Ads,91.93
ORD-10148,USR-1259,2026-06-25,Meta Ads,98.85
ORD-10149,USR-1543,2026-04-20,Meta Ads,27.35
ORD-10150,USR-2039,2026-05-19,Google Ads,118.78
ORD-10151,USR-1669,2026-04-19,Direct,81.64
ORD-10152,USR-1246,2026-01-04,Direct,28.63
ORD-10153,USR-1352,2026-03-10,Google Ads,18.08
ORD-10154,USR-2405,2026-05-28,Organic Search,54.8
ORD-10155,USR-2457,2026-01-09,Organic Search,26.63
ORD-10156,USR-2418,2026-03-01,Meta Ads,109.64
ORD-10157,USR-1724,2026-04-18,Google Ads,41.7
ORD-10158,USR-1985,2026-05-11,Organic Search,40.66
ORD-10159,USR-1189,2026-06-05,Organic Search,90.5
ORD-10160,USR-1040,2026-06-12,Meta Ads,92.67
ORD-10161,USR-1952,2026-03-23,TikTok Ads,60.73
ORD-10162,USR-1836,2026-05-08,Google Ads,99.65
ORD-10163,USR-1930,2026-04-04,Direct,18.27
ORD-10164,USR-2089,2026-05-05,TikTok Ads,48.07
ORD-10165,USR-1453,2026-06-05,TikTok Ads,104.85
ORD-10166,USR-1854,2026-05-04,Direct,23.09
ORD-10167,USR-1142,2026-03-08,TikTok Ads,37.33
ORD-10168,USR-2325,2026-02-26,Meta Ads,94.72
ORD-10169,USR-1844,2026-05-25,TikTok Ads,109.38
ORD-10170,USR-2274,2026-04-25,Organic Search,15.02
ORD-10171,USR-1557,2026-04-01,Google Ads,63.34
ORD-10172,USR-1701,2026-04-10,Google Ads,54.94
ORD-10173,USR-1595,2026-01-30,Organic Search,16.89
ORD-10174,USR-1153,2026-06-17,TikTok Ads,116.46
ORD-10175,USR-1082,2026-05-30,Organic Search,117.14
ORD-10176,USR-1283,2026-05-11,TikTok Ads,16.89
ORD-10177,USR-2096,2026-03-12,TikTok Ads,47.0
ORD-10178,USR-1786,2026-04-29,Google Ads,106.64
ORD-10179,USR-2460,2026-05-22,Meta Ads,71.77
ORD-10180,USR-1264,2026-06-17,Meta Ads,16.3
ORD-10181,USR-2226,2026-04-30,Meta Ads,22.8
ORD-10182,USR-1067,2026-03-19,TikTok Ads,107.11
ORD-10183,USR-2150,2026-01-02,TikTok Ads,80.75
ORD-10184,USR-1880,2026-01-16,Meta Ads,44.96
ORD-10185,USR-1493,2026-01-12,Google Ads,104.85
ORD-10186,USR-2299,2026-05-29,Meta Ads,38.12
ORD-10187,USR-2224,2026-06-21,Meta Ads,110.51
ORD-10188,USR-1481,2026-03-09,Organic Search,107.29
ORD-10189,USR-1342,2026-03-06,Meta Ads,60.19
ORD-10190,USR-1173,2026-03-17,Organic Search,96.26
ORD-10191,USR-1819,2026-04-15,Meta Ads,61.55
ORD-10192,USR-1504,2026-01-21,TikTok Ads,88.78
ORD-10193,USR-1347,2026-05-12,TikTok Ads,25.94
ORD-10194,USR-1578,2026-05-30,TikTok Ads,83.48
ORD-10195,USR-2384,2026-06-11,Google Ads,68.16
ORD-10196,USR-1213,2026-03-28,Google Ads,41.71
ORD-10197,USR-1261,2026-05-25,Meta Ads,19.79
ORD-10198,USR-1361,2026-05-16,Meta Ads,117.01
ORD-10199,USR-1866,2026-04-03,Google Ads,35.59
ORD-10200,USR-1652,2026-02-04,Google Ads,71.39
ORD-10201,USR-2213,2026-02-18,Meta Ads,102.5
ORD-10202,USR-1601,2026-05-28,Meta Ads,63.6
ORD-10203,USR-1617,2026-06-26,Meta Ads,45.82
ORD-10204,USR-2367,2026-05-06,Meta Ads,24.14
ORD-10205,USR-1818,2026-02-10,Organic Search,107.39
ORD-10206,USR-1778,2026-02-10,Meta Ads,19.71
ORD-10207,USR-1000,2026-05-19,Meta Ads,55.94
ORD-10208,USR-1455,2026-01-19,Google Ads,85.45
ORD-10209,USR-2263,2026-04-19,TikTok Ads,46.16
ORD-10210,USR-2273,2026-03-31,Direct,90.75
ORD-10211,USR-2366,2026-06-02,TikTok Ads,90.35
ORD-10212,USR-1849,2026-06-24,Meta Ads,41.95
ORD-10213,USR-1638,2026-03-09,Google Ads,84.58
ORD-10214,USR-1935,2026-05-27,Google Ads,93.87
ORD-10215,USR-1654,2026-03-17,Meta Ads,93.73
ORD-10216,USR-1104,2026-01-02,TikTok Ads,82.88
ORD-10217,USR-2289,2026-02-20,Google Ads,67.73
ORD-10218,USR-2400,2026-02-20,Organic Search,31.2
ORD-10219,USR-1666,2026-01-03,TikTok Ads,92.8
ORD-10220,USR-2373,2026-04-03,Meta Ads,29.92
ORD-10221,USR-1267,2026-03-22,TikTok Ads,45.98
ORD-10222,USR-1985,2026-03-06,Meta Ads,110.56
ORD-10223,USR-1222,2026-03-03,Google Ads,63.99
ORD-10224,USR-1276,2026-06-01,TikTok Ads,87.71
ORD-10225,USR-2452,2026-05-26,Google Ads,43.92
ORD-10226,USR-2387,2026-05-02,Google Ads,98.83
ORD-10227,USR-2064,2026-06-05,Google Ads,60.25
ORD-10228,USR-1671,2026-04-14,Organic Search,53.97
ORD-10229,USR-2403,2026-02-26,Meta Ads,87.28
ORD-10230,USR-1932,2026-06-16,Google Ads,82.8
ORD-10231,USR-2216,2026-06-14,Organic Search,114.4
ORD-10232,USR-2467,2026-01-19,Meta Ads,54.79
ORD-10233,USR-2498,2026-06-12,Meta Ads,58.01
ORD-10234,USR-1575,2026-02-18,Meta Ads,78.61
ORD-10235,USR-2463,2026-06-11,Organic Search,118.74
ORD-10236,USR-2457,2026-03-06,Meta Ads,65.99
ORD-10237,USR-1074,2026-04-30,Direct,29.26
ORD-10238,USR-1362,2026-06-03,Meta Ads,55.74
ORD-10239,USR-1124,2026-02-20,Meta Ads,63.14
ORD-10240,USR-1121,2026-01-30,Meta Ads,27.19
ORD-10241,USR-2058,2026-06-19,Google Ads,108.28
ORD-10242,USR-1368,2026-01-18,Organic Search,24.26
ORD-10243,USR-1108,2026-02-28,Direct,116.93
ORD-10244,USR-2188,2026-01-22,Google Ads,65.18
ORD-10245,USR-1820,2026-05-21,Google Ads,102.53
ORD-10246,USR-2377,2026-06-28,Google Ads,42.23
ORD-10247,USR-1340,2026-02-20,Meta Ads,50.96
ORD-10248,USR-1358,2026-01-21,Direct,72.21
ORD-10249,USR-2303,2026-05-09,Google Ads,119.97
ORD-10250,USR-1138,2026-05-21,TikTok Ads,36.77
ORD-10251,USR-1103,2026-01-17,TikTok Ads,49.21
ORD-10252,USR-1164,2026-06-01,TikTok Ads,91.74
ORD-10253,USR-1656,2026-01-08,Meta Ads,89.64
ORD-10254,USR-1063,2026-04-28,Meta Ads,77.27
ORD-10255,USR-2163,2026-04-08,TikTok Ads,18.99
ORD-10256,USR-1976,2026-05-19,Google Ads,86.48
ORD-10257,USR-1882,2026-06-18,Organic Search,63.58
ORD-10258,USR-1819,2026-02-17,Meta Ads,105.67
ORD-10259,USR-2239,2026-04-12,Google Ads,61.33
ORD-10260,USR-1760,2026-06-04,Google Ads,53.04
ORD-10261,USR-1081,2026-06-28,Organic Search,61.56
ORD-10262,USR-1771,2026-06-24,TikTok Ads,99.69
ORD-10263,USR-2352,2026-06-12,Meta Ads,21.24
ORD-10264,USR-1880,2026-06-22,Google Ads,46.34
ORD-10265,USR-2346,2026-03-13,Meta Ads,62.07
ORD-10266,USR-1286,2026-01-13,Direct,92.07
ORD-10267,USR-2372,2026-04-24,Google Ads,18.21
ORD-10268,USR-1319,2026-03-08,TikTok Ads,46.44
ORD-10269,USR-1695,2026-06-18,Meta Ads,70.5
ORD-10270,USR-2393,2026-02-16,Direct,86.07
ORD-10271,USR-1541,2026-04-23,Meta Ads,16.5
ORD-10272,USR-1000,2026-03-06,Meta Ads,22.25
ORD-10273,USR-1187,2026-05-21,TikTok Ads,84.15
ORD-10274,USR-1546,2026-05-07,Organic Search,79.43
ORD-10275,USR-1801,2026-04-14,Google Ads,23.15
ORD-10276,USR-2381,2026-05-08,TikTok Ads,47.14
ORD-10277,USR-1187,2026-03-13,Meta Ads,75.59
ORD-10278,USR-1082,2026-02-03,Meta Ads,69.87
ORD-10279,USR-1374,2026-01-16,TikTok Ads,103.42
ORD-10280,USR-2211,2026-05-04,TikTok Ads,30.25
ORD-10281,USR-1507,2026-01-13,TikTok Ads,105.66
ORD-10282,USR-1631,2026-05-16,Meta Ads,57.54
ORD-10283,USR-2254,2026-01-27,Meta Ads,65.03
ORD-10284,USR-1436,2026-03-06,Google Ads,18.54
ORD-10285,USR-2336,2026-05-27,Google Ads,94.76
ORD-10286,USR-2046,2026-01-31,Organic Search,106.03
ORD-10287,USR-2479,2026-03-15,Google Ads,73.24
ORD-10288,USR-2037,2026-05-28,TikTok Ads,63.63
ORD-10289,USR-1407,2026-04-20,Organic Search,45.45
ORD-10290,USR-2228,2026-01-30,Google Ads,111.26
ORD-10291,USR-2313,2026-01-08,Meta Ads,29.05
ORD-10292,USR-1872,2026-04-08,TikTok Ads,93.61
ORD-10293,USR-2264,2026-03-20,Meta Ads,68.67
ORD-10294,USR-1293,2026-06-03,TikTok Ads,109.05
ORD-10295,USR-1389,2026-03-29,Organic Search,40.92
ORD-10296,USR-1667,2026-05-01,Meta Ads,25.7
ORD-10297,USR-1136,2026-03-06,Meta Ads,103.48
ORD-10298,USR-1910,2026-06-21,Google Ads,114.01
ORD-10299,USR-1623,2026-03-24,Organic Search,113.31
ORD-10300,USR-1470,2026-06-28,Meta Ads,66.85
ORD-10301,USR-1631,2026-06-10,Direct,85.96
ORD-10302,USR-1234,2026-06-24,Meta Ads,84.97
ORD-10303,USR-1522,2026-06-10,Meta Ads,114.83
ORD-10304,USR-1532,2026-06-24,Direct,64.92
ORD-10305,USR-1912,2026-05-20,Direct,52.81
ORD-10306,USR-2023,2026-02-17,Google Ads,60.44
ORD-10307,USR-1226,2026-02-16,Meta Ads,53.83
ORD-10308,USR-2036,2026-05-04,Organic Search,58.73
ORD-10309,USR-1897,2026-05-21,Google Ads,37.26
ORD-10310,USR-1951,2026-03-14,Organic Search,83.01
ORD-10311,USR-2196,2026-04-10,TikTok Ads,18.77
ORD-10312,USR-2286,2026-05-17,Meta Ads,28.2
ORD-10313,USR-1939,2026-01-03,Meta Ads,56.49
ORD-10314,USR-1355,2026-02-23,Meta Ads,23.96
ORD-10315,USR-1117,2026-01-13,Meta Ads,97.11
ORD-10316,USR-1052,2026-02-22,Meta Ads,87.24
ORD-10317,USR-1867,2026-01-13,Google Ads,114.63
ORD-10318,USR-1110,2026-06-12,Google Ads,49.68
ORD-10319,USR-1540,2026-01-12,Google Ads,63.73
ORD-10320,USR-1229,2026-05-02,Google Ads,95.04
ORD-10321,USR-1464,2026-04-29,TikTok Ads,69.74
ORD-10322,USR-1174,2026-01-27,Google Ads,99.75
ORD-10323,USR-2414,2026-06-11,Meta Ads,16.84
ORD-10324,USR-1518,2026-06-02,TikTok Ads,51.55
ORD-10325,USR-1719,2026-05-06,Google Ads,46.48
ORD-10326,USR-1306,2026-05-15,Organic Search,17.48
ORD-10327,USR-1982,2026-03-16,Organic Search,96.94
ORD-10328,USR-1643,2026-02-14,Google Ads,109.44
ORD-10329,USR-1609,2026-06-06,Meta Ads,78.35
ORD-10330,USR-2241,2026-03-20,Meta Ads,76.13
ORD-10331,USR-1607,2026-04-14,Direct,83.35
ORD-10332,USR-1539,2026-03-16,Direct,96.58
ORD-10333,USR-2222,2026-01-17,Meta Ads,29.78
ORD-10334,USR-1506,2026-01-26,Organic Search,75.72
ORD-10335,USR-1455,2026-01-11,Direct,81.78
ORD-10336,USR-1490,2026-04-05,TikTok Ads,100.04
ORD-10337,USR-1215,2026-06-24,Organic Search,91.12
ORD-10338,USR-1488,2026-02-26,Organic Search,87.45
ORD-10339,USR-1004,2026-01-26,Meta Ads,67.22
ORD-10340,USR-1945,2026-04-15,Google Ads,46.7
ORD-10341,USR-2145,2026-01-15,Google Ads,86.36
ORD-10342,USR-1597,2026-05-14,Meta Ads,94.89
ORD-10343,USR-2246,2026-03-19,Google Ads,19.61
ORD-10344,USR-2451,2026-01-06,Google Ads,109.26
ORD-10345,USR-1330,2026-04-18,Organic Search,98.28
ORD-10346,USR-1271,2026-01-11,Google Ads,81.84
ORD-10347,USR-2113,2026-02-17,Google Ads,69.87
ORD-10348,USR-1273,2026-03-17,Meta Ads,77.32
ORD-10349,USR-1153,2026-02-24,Meta Ads,16.49
ORD-10350,USR-1124,2026-04-18,TikTok Ads,114.09
ORD-10351,USR-1847,2026-04-17,Google Ads,117.62
ORD-10352,USR-1007,2026-01-08,Meta Ads,96.17
ORD-10353,USR-2062,2026-04-04,TikTok Ads,97.04
ORD-10354,USR-1092,2026-03-25,Google Ads,67.38
ORD-10355,USR-2179,2026-05-17,Organic Search,39.01
ORD-10356,USR-1169,2026-06-20,Meta Ads,48.78
ORD-10357,USR-1943,2026-03-07,Google Ads,25.02
ORD-10358,USR-1348,2026-04-11,Meta Ads,65.49
ORD-10359,USR-1739,2026-05-21,Meta Ads,45.33
ORD-10360,USR-1128,2026-06-04,Direct,19.72
ORD-10361,USR-1979,2026-04-03,Google Ads,24.53
ORD-10362,USR-2382,2026-04-04,Organic Search,75.6
ORD-10363,USR-1115,2026-01-17,TikTok Ads,55.56
ORD-10364,USR-1960,2026-04-01,Google Ads,40.24
ORD-10365,USR-2427,2026-02-27,Organic Search,25.69
ORD-10366,USR-2064,2026-01-10,Organic Search,19.09
ORD-10367,USR-2301,2026-05-02,Direct,106.01
ORD-10368,USR-1708,2026-06-18,Direct,90.51
ORD-10369,USR-1098,2026-02-25,Google Ads,49.27
ORD-10370,USR-1699,2026-04-25,Meta Ads,60.16
ORD-10371,USR-1404,2026-03-12,Organic Search,95.13
ORD-10372,USR-2422,2026-01-23,Google Ads,72.17
ORD-10373,USR-1552,2026-04-19,Google Ads,46.05
ORD-10374,USR-1923,2026-04-22,Organic Search,81.78
ORD-10375,USR-1420,2026-03-09,Meta Ads,63.3
ORD-10376,USR-1039,2026-04-21,Organic Search,20.0
ORD-10377,USR-1535,2026-06-13,TikTok Ads,83.74
ORD-10378,USR-1432,2026-03-08,Google Ads,71.6
ORD-10379,USR-1580,2026-04-26,Google Ads,56.14
ORD-10380,USR-1699,2026-03-03,Google Ads,69.86
ORD-10381,USR-1679,2026-04-11,TikTok Ads,38.74
ORD-10382,USR-1211,2026-06-15,Meta Ads,39.19
ORD-10383,USR-1843,2026-06-28,Meta Ads,38.55
ORD-10384,USR-2366,2026-06-13,TikTok Ads,79.01
ORD-10385,USR-1536,2026-01-30,Meta Ads,41.55
ORD-10386,USR-2405,2026-06-28,Meta Ads,50.38
ORD-10387,USR-1503,2026-02-16,Organic Search,95.06
ORD-10388,USR-1752,2026-02-23,Google Ads,54.97
ORD-10389,USR-1031,2026-01-31,TikTok Ads,32.57
ORD-10390,USR-1009,2026-01-09,Meta Ads,65.6
ORD-10391,USR-1435,2026-01-17,TikTok Ads,81.38
ORD-10392,USR-2125,2026-05-03,TikTok Ads,96.98
ORD-10393,USR-1488,2026-02-20,Google Ads,62.13
ORD-10394,USR-2446,2026-04-14,Meta Ads,63.48
ORD-10395,USR-2401,2026-01-01,Meta Ads,91.54
ORD-10396,USR-2441,2026-05-06,Meta Ads,99.74
ORD-10397,USR-1261,2026-03-14,Meta Ads,84.84
ORD-10398,USR-1560,2026-01-03,Meta Ads,91.34
ORD-10399,USR-1191,2026-06-24,Google Ads,67.11
ORD-10400,USR-1863,2026-01-15,Google Ads,92.12
ORD-10401,USR-1042,2026-05-26,Meta Ads,103.09
ORD-10402,USR-2293,2026-03-19,TikTok Ads,103.54
ORD-10403,USR-1924,2026-05-12,Google Ads,100.8
ORD-10404,USR-2191,2026-05-01,Google Ads,20.43
ORD-10405,USR-1999,2026-01-27,Google Ads,33.82
ORD-10406,USR-1658,2026-03-05,TikTok Ads,56.64
ORD-10407,USR-2112,2026-05-03,Organic Search,31.51
ORD-10408,USR-2399,2026-06-21,Meta Ads,100.72
ORD-10409,USR-1518,2026-02-26,TikTok Ads,47.85
ORD-10410,USR-2014,2026-04-29,Google Ads,110.14
ORD-10411,USR-1112,2026-03-13,Meta Ads,17.08
ORD-10412,USR-2306,2026-02-22,Meta Ads,58.22
ORD-10413,USR-1568,2026-05-14,Meta Ads,107.19
ORD-10414,USR-2082,2026-03-10,Meta Ads,52.36
ORD-10415,USR-1018,2026-02-19,Google Ads,86.14
ORD-10416,USR-1558,2026-05-03,Meta Ads,55.05
ORD-10417,USR-1390,2026-02-02,TikTok Ads,81.39
ORD-10418,USR-1127,2026-01-14,TikTok Ads,93.85
ORD-10419,USR-1337,2026-05-28,Meta Ads,113.83
ORD-10420,USR-1217,2026-04-15,Direct,62.26
ORD-10421,USR-2348,2026-01-17,Meta Ads,117.79
ORD-10422,USR-2497,2026-06-18,TikTok Ads,76.13
ORD-10423,USR-2227,2026-06-26,Meta Ads,22.77
ORD-10424,USR-2368,2026-05-11,Meta Ads,92.72
ORD-10425,USR-1585,2026-01-02,Meta Ads,87.43
ORD-10426,USR-2318,2026-06-03,TikTok Ads,33.07
ORD-10427,USR-1949,2026-01-20,Meta Ads,88.06
ORD-10428,USR-1366,2026-05-27,TikTok Ads,73.1
ORD-10429,USR-2157,2026-02-22,Meta Ads,41.34
ORD-10430,USR-2375,2026-01-10,Google Ads,79.05
ORD-10431,USR-1257,2026-04-10,Meta Ads,105.94
ORD-10432,USR-1265,2026-03-06,Meta Ads,79.29
ORD-10433,USR-1559,2026-02-28,TikTok Ads,15.7
ORD-10434,USR-1413,2026-01-22,TikTok Ads,86.41
ORD-10435,USR-1300,2026-01-28,TikTok Ads,76.21
ORD-10436,USR-1082,2026-02-18,Google Ads,115.55
ORD-10437,USR-1045,2026-06-13,TikTok Ads,34.8
ORD-10438,USR-2189,2026-02-01,Meta Ads,25.7
ORD-10439,USR-1689,2026-04-24,TikTok Ads,24.73
ORD-10440,USR-1366,2026-03-26,Organic Search,42.16
ORD-10441,USR-1914,2026-04-03,Google Ads,76.89
ORD-10442,USR-2064,2026-01-17,Google Ads,40.41
ORD-10443,USR-1756,2026-06-17,TikTok Ads,107.13
ORD-10444,USR-1736,2026-06-29,Meta Ads,37.51
ORD-10445,USR-1801,2026-03-10,Meta Ads,21.57
ORD-10446,USR-2337,2026-03-02,Google Ads,77.7
ORD-10447,USR-2327,2026-01-16,Meta Ads,49.97
ORD-10448,USR-1274,2026-03-23,Organic Search,66.82
ORD-10449,USR-1386,2026-03-04,Google Ads,79.76
ORD-10450,USR-1602,2026-03-06,Meta Ads,69.75
ORD-10451,USR-1720,2026-06-28,TikTok Ads,111.68
ORD-10452,USR-1294,2026-05-14,TikTok Ads,43.23
ORD-10453,USR-1548,2026-01-28,Organic Search,84.98
ORD-10454,USR-1769,2026-02-25,TikTok Ads,81.18
ORD-10455,USR-1741,2026-04-17,TikTok Ads,59.9
ORD-10456,USR-2358,2026-06-13,Google Ads,21.72
ORD-10457,USR-1511,2026-04-08,Google Ads,61.61
ORD-10458,USR-1134,2026-01-04,Google Ads,20.9
ORD-10459,USR-1987,2026-02-23,Meta Ads,26.07
ORD-10460,USR-1933,2026-02-24,TikTok Ads,83.79
ORD-10461,USR-2364,2026-05-09,Direct,31.85
ORD-10462,USR-1859,2026-05-13,TikTok Ads,84.74
ORD-10463,USR-1802,2026-04-19,Organic Search,99.61
ORD-10464,USR-2467,2026-05-09,Meta Ads,61.55
ORD-10465,USR-1060,2026-01-23,Meta Ads,52.15
ORD-10466,USR-2334,2026-02-21,Organic Search,37.69
ORD-10467,USR-1621,2026-02-24,Direct,52.21
ORD-10468,USR-1847,2026-04-16,Meta Ads,107.01
ORD-10469,USR-2010,2026-03-02,Google Ads,102.03
ORD-10470,USR-1629,2026-02-08,Meta Ads,98.42
ORD-10471,USR-1470,2026-03-28,Organic Search,63.49
ORD-10472,USR-1725,2026-06-07,Google Ads,46.07
ORD-10473,USR-1671,2026-06-14,Google Ads,87.86
ORD-10474,USR-2424,2026-04-22,Meta Ads,92.77
ORD-10475,USR-1645,2026-03-26,TikTok Ads,97.89
ORD-10476,USR-1288,2026-04-04,Meta Ads,51.25
ORD-10477,USR-1937,2026-05-06,Meta Ads,107.57
ORD-10478,USR-2019,2026-05-02,Google Ads,76.13
ORD-10479,USR-2034,2026-06-11,Google Ads,40.76
ORD-10480,USR-1146,2026-02-16,Google Ads,50.25
ORD-10481,USR-1362,2026-05-06,Direct,73.47
ORD-10482,USR-1018,2026-06-24,TikTok Ads,86.29
ORD-10483,USR-1448,2026-06-17,TikTok Ads,36.39
ORD-10484,USR-1757,2026-04-08,Google Ads,75.42
ORD-10485,USR-1204,2026-04-03,Google Ads,88.15
ORD-10486,USR-1294,2026-03-05,Direct,30.0
ORD-10487,USR-2292,2026-01-26,Google Ads,56.15
ORD-10488,USR-2337,2026-02-18,TikTok Ads,68.32
ORD-10489,USR-1528,2026-02-22,TikTok Ads,105.02
ORD-10490,USR-1415,2026-05-11,Google Ads,90.04
ORD-10491,USR-1667,2026-05-24,Meta Ads,88.21
ORD-10492,USR-1504,2026-02-25,Organic Search,106.79
ORD-10493,USR-1946,2026-06-18,Google Ads,44.98
ORD-10494,USR-1961,2026-06-06,Meta Ads,57.48
ORD-10495,USR-1941,2026-01-15,Google Ads,55.72
ORD-10496,USR-1559,2026-05-26,Organic Search,36.84
ORD-10497,USR-1715,2026-05-16,Organic Search,34.08
ORD-10498,USR-1731,2026-04-14,Direct,72.29
ORD-10499,USR-1833,2026-02-18,Meta Ads,68.9
ORD-10500,USR-1220,2026-03-20,Meta Ads,73.7
ORD-10501,USR-1205,2026-03-08,Meta Ads,54.12
ORD-10502,USR-1643,2026-02-28,TikTok Ads,63.75
ORD-10503,USR-1618,2026-04-26,Meta Ads,112.58
ORD-10504,USR-2085,2026-06-07,Meta Ads,103.44
ORD-10505,USR-2147,2026-05-17,Meta Ads,25.01
ORD-10506,USR-2159,2026-02-17,Meta Ads,59.74
ORD-10507,USR-2452,2026-02-27,TikTok Ads,51.77
ORD-10508,USR-2378,2026-02-27,TikTok Ads,85.47
ORD-10509,USR-1582,2026-02-13,TikTok Ads,84.56
ORD-10510,USR-1924,2026-05-07,Organic Search,31.66
ORD-10511,USR-1898,2026-05-24,TikTok Ads,60.48
ORD-10512,USR-2493,2026-03-31,Organic Search,94.62
ORD-10513,USR-2292,2026-03-17,Google Ads,89.84
ORD-10514,USR-2082,2026-01-16,Meta Ads,34.46
ORD-10515,USR-1715,2026-05-10,Google Ads,91.06
ORD-10516,USR-1592,2026-05-19,Meta Ads,76.39
ORD-10517,USR-1857,2026-06-27,Google Ads,62.33
ORD-10518,USR-1383,2026-03-03,TikTok Ads,72.68
ORD-10519,USR-1060,2026-06-15,TikTok Ads,49.07
ORD-10520,USR-2401,2026-06-22,Organic Search,44.24
ORD-10521,USR-1998,2026-06-04,Google Ads,96.56
ORD-10522,USR-1886,2026-05-12,Google Ads,34.71
ORD-10523,USR-1339,2026-03-25,TikTok Ads,53.68
ORD-10524,USR-1574,2026-01-28,Meta Ads,42.72
ORD-10525,USR-1827,2026-05-05,Organic Search,19.09
ORD-10526,USR-2240,2026-06-27,TikTok Ads,109.28
ORD-10527,USR-1076,2026-06-06,Google Ads,101.67
ORD-10528,USR-2205,2026-01-02,TikTok Ads,89.22
ORD-10529,USR-2299,2026-02-07,Meta Ads,109.82
ORD-10530,USR-1572,2026-01-31,Organic Search,105.09
ORD-10531,USR-1350,2026-04-19,Google Ads,19.24
ORD-10532,USR-2011,2026-01-13,Meta Ads,108.63
ORD-10533,USR-1507,2026-05-29,TikTok Ads,83.71
ORD-10534,USR-2438,2026-02-04,Meta Ads,95.26
ORD-10535,USR-2379,2026-04-24,TikTok Ads,19.09
ORD-10536,USR-1708,2026-04-09,Direct,105.77
ORD-10537,USR-1067,2026-05-18,Google Ads,119.02
ORD-10538,USR-2473,2026-05-07,TikTok Ads,89.28
ORD-10539,USR-2071,2026-06-20,Google Ads,77.67
ORD-10540,USR-1993,2026-06-01,Google Ads,50.9
ORD-10541,USR-1779,2026-02-28,Google Ads,66.89
ORD-10542,USR-2037,2026-04-23,Google Ads,20.6
ORD-10543,USR-2178,2026-05-19,Organic Search,86.14
ORD-10544,USR-1276,2026-04-30,Direct,81.32
ORD-10545,USR-1856,2026-03-28,TikTok Ads,83.11
ORD-10546,USR-2087,2026-05-30,Meta Ads,100.08
ORD-10547,USR-1405,2026-05-23,Meta Ads,62.79
ORD-10548,USR-1429,2026-06-24,Google Ads,32.82
ORD-10549,USR-1374,2026-05-28,TikTok Ads,33.0
ORD-10550,USR-1531,2026-01-12,Google Ads,115.9
ORD-10551,USR-1089,2026-05-11,TikTok Ads,57.2
ORD-10552,USR-1741,2026-03-07,Google Ads,82.47
ORD-10553,USR-1875,2026-01-26,TikTok Ads,52.27
ORD-10554,USR-2052,2026-05-30,TikTok Ads,59.45
ORD-10555,USR-1339,2026-06-07,Organic Search,107.5
ORD-10556,USR-1518,2026-05-24,TikTok Ads,67.67
ORD-10557,USR-2238,2026-06-25,Google Ads,45.08
ORD-10558,USR-1211,2026-03-14,Direct,37.7
ORD-10559,USR-2230,2026-04-29,TikTok Ads,103.98
ORD-10560,USR-2332,2026-04-20,Meta Ads,117.41
ORD-10561,USR-1809,2026-06-26,TikTok Ads,113.49
ORD-10562,USR-2121,2026-05-27,Google Ads,22.46
ORD-10563,USR-1762,2026-04-18,Meta Ads,64.26
ORD-10564,USR-1927,2026-04-12,Direct,32.59
ORD-10565,USR-1583,2026-03-25,Direct,61.17
ORD-10566,USR-1109,2026-02-25,Meta Ads,81.21
ORD-10567,USR-2083,2026-04-03,Meta Ads,101.79
ORD-10568,USR-1636,2026-01-28,Google Ads,46.76
ORD-10569,USR-2109,2026-02-05,Meta Ads,109.31
ORD-10570,USR-1382,2026-03-23,Meta Ads,118.61
ORD-10571,USR-1030,2026-04-30,Meta Ads,46.75
ORD-10572,USR-1452,2026-02-15,Organic Search,65.24
ORD-10573,USR-1237,2026-01-10,Google Ads,47.73
ORD-10574,USR-2469,2026-06-21,Meta Ads,106.92
ORD-10575,USR-1990,2026-03-06,Google Ads,56.55
ORD-10576,USR-1225,2026-04-16,Meta Ads,63.14
ORD-10577,USR-1529,2026-05-21,Meta Ads,85.06
ORD-10578,USR-1105,2026-06-17,TikTok Ads,47.96
ORD-10579,USR-1848,2026-03-04,Meta Ads,95.34
ORD-10580,USR-1980,2026-02-09,Google Ads,66.39
ORD-10581,USR-2234,2026-03-17,Google Ads,84.1
ORD-10582,USR-2462,2026-02-17,Google Ads,88.35
ORD-10583,USR-1487,2026-03-30,Google Ads,35.62
ORD-10584,USR-2413,2026-03-22,Organic Search,74.61
ORD-10585,USR-1309,2026-03-31,Organic Search,39.13
ORD-10586,USR-1844,2026-02-08,Direct,84.48
ORD-10587,USR-1052,2026-06-15,Organic Search,44.26
ORD-10588,USR-1757,2026-06-05,Google Ads,101.7
ORD-10589,USR-1421,2026-05-30,TikTok Ads,116.84
ORD-10590,USR-1005,2026-03-13,Google Ads,54.33
ORD-10591,USR-1698,2026-04-09,Direct,50.44
ORD-10592,USR-2278,2026-02-28,Organic Search,50.45
ORD-10593,USR-1286,2026-02-21,TikTok Ads,37.91
ORD-10594,USR-2429,2026-03-25,Meta Ads,93.93
ORD-10595,USR-1275,2026-02-14,Organic Search,54.54
ORD-10596,USR-1480,2026-03-22,Meta Ads,73.21
ORD-10597,USR-2351,2026-01-17,Meta Ads,111.68
ORD-10598,USR-1327,2026-04-19,Direct,36.79
ORD-10599,USR-2252,2026-04-21,Organic Search,63.96
ORD-10600,USR-1757,2026-01-16,TikTok Ads,60.15
ORD-10601,USR-1012,2026-05-25,TikTok Ads,95.79
ORD-10602,USR-2194,2026-04-04,Google Ads,18.2
ORD-10603,USR-1848,2026-05-29,Meta Ads,68.61
ORD-10604,USR-2203,2026-04-26,TikTok Ads,68.53
ORD-10605,USR-1925,2026-02-22,Meta Ads,72.87
ORD-10606,USR-2390,2026-02-21,Direct,31.87
ORD-10607,USR-2288,2026-03-16,Google Ads,50.28
ORD-10608,USR-1973,2026-05-20,TikTok Ads,111.07
ORD-10609,USR-2213,2026-05-16,Meta Ads,88.04
ORD-10610,USR-1882,2026-04-17,Organic Search,93.83
ORD-10611,USR-1415,2026-06-20,TikTok Ads,73.43
ORD-10612,USR-1389,2026-03-26,Organic Search,53.42
ORD-10613,USR-1191,2026-04-12,Meta Ads,60.27
ORD-10614,USR-1138,2026-06-26,Meta Ads,45.71
ORD-10615,USR-2086,2026-05-29,Direct,19.36
ORD-10616,USR-1272,2026-04-13,Meta Ads,83.61
ORD-10617,USR-2142,2026-01-28,Organic Search,77.96
ORD-10618,USR-1176,2026-03-09,Google Ads,44.57
ORD-10619,USR-2311,2026-02-27,Google Ads,72.02
ORD-10620,USR-2378,2026-03-24,Meta Ads,29.94
ORD-10621,USR-1209,2026-01-28,Meta Ads,119.13
ORD-10622,USR-1967,2026-04-07,Direct,113.59
ORD-10623,USR-1922,2026-04-24,Direct,24.7
ORD-10624,USR-2310,2026-05-24,TikTok Ads,30.8
ORD-10625,USR-1801,2026-05-22,Google Ads,34.89
ORD-10626,USR-2001,2026-06-01,Google Ads,110.0
ORD-10627,USR-2033,2026-05-28,TikTok Ads,33.61
ORD-10628,USR-2306,2026-06-01,Organic Search,20.84
ORD-10629,USR-1104,2026-01-15,Google Ads,84.67
ORD-10630,USR-1350,2026-01-26,TikTok Ads,52.46
ORD-10631,USR-1086,2026-05-20,Organic Search,46.38
ORD-10632,USR-1669,2026-04-22,Meta Ads,113.72
ORD-10633,USR-2456,2026-05-29,Google Ads,101.36
ORD-10634,USR-2166,2026-04-26,Meta Ads,114.74
ORD-10635,USR-2325,2026-04-20,Google Ads,81.39
ORD-10636,USR-1069,2026-05-01,Google Ads,109.75
ORD-10637,USR-1470,2026-04-22,Meta Ads,84.16
ORD-10638,USR-1738,2026-01-18,Meta Ads,74.49
ORD-10639,USR-2265,2026-05-31,TikTok Ads,73.86
ORD-10640,USR-1502,2026-06-29,Meta Ads,41.66
ORD-10641,USR-1310,2026-01-05,Meta Ads,52.96
ORD-10642,USR-1584,2026-04-12,Meta Ads,109.05
ORD-10643,USR-1818,2026-01-02,TikTok Ads,84.17
ORD-10644,USR-1716,2026-04-18,Meta Ads,74.64
ORD-10645,USR-1605,2026-05-05,Organic Search,42.27
ORD-10646,USR-1856,2026-06-11,Meta Ads,87.66
ORD-10647,USR-1110,2026-01-22,Meta Ads,75.32
ORD-10648,USR-2232,2026-06-19,Organic Search,23.03
ORD-10649,USR-1007,2026-04-09,Google Ads,31.62
ORD-10650,USR-1601,2026-01-17,Meta Ads,31.38
ORD-10651,USR-1589,2026-06-15,Google Ads,110.85
ORD-10652,USR-2262,2026-06-12,Meta Ads,29.66
ORD-10653,USR-1268,2026-05-23,Organic Search,63.21
ORD-10654,USR-1981,2026-06-12,Meta Ads,23.04
ORD-10655,USR-1025,2026-05-31,Google Ads,113.4
ORD-10656,USR-1570,2026-01-20,Meta Ads,83.92
ORD-10657,USR-2272,2026-05-26,Meta Ads,90.05
ORD-10658,USR-1555,2026-01-13,Meta Ads,27.22
ORD-10659,USR-1750,2026-01-19,TikTok Ads,84.49
ORD-10660,USR-1121,2026-03-22,TikTok Ads,102.53
ORD-10661,USR-1380,2026-04-14,Meta Ads,54.21
ORD-10662,USR-1354,2026-04-17,Direct,52.26
ORD-10663,USR-2151,2026-05-21,Google Ads,84.11
ORD-10664,USR-1807,2026-04-22,Meta Ads,31.47
ORD-10665,USR-1428,2026-05-24,Meta Ads,38.11
ORD-10666,USR-2310,2026-04-06,Organic Search,25.05
ORD-10667,USR-1170,2026-05-16,Google Ads,42.55
ORD-10668,USR-1582,2026-02-14,Organic Search,113.1
ORD-10669,USR-2148,2026-04-25,Google Ads,81.13
ORD-10670,USR-1657,2026-01-30,TikTok Ads,19.52
ORD-10671,USR-1571,2026-04-27,Google Ads,61.61
ORD-10672,USR-1452,2026-05-06,Meta Ads,15.85
ORD-10673,USR-1619,2026-05-02,Meta Ads,54.8
ORD-10674,USR-2169,2026-05-31,Google Ads,41.2
ORD-10675,USR-2225,2026-05-02,Google Ads,75.17
ORD-10676,USR-1446,2026-04-22,Organic Search,43.56
ORD-10677,USR-2119,2026-05-19,TikTok Ads,116.4
ORD-10678,USR-1415,2026-03-22,TikTok Ads,85.46
ORD-10679,USR-1149,2026-02-04,Direct,97.25
ORD-10680,USR-2001,2026-01-11,Google Ads,17.71
ORD-10681,USR-2293,2026-03-01,Meta Ads,87.24
ORD-10682,USR-1840,2026-04-23,Meta Ads,34.02
ORD-10683,USR-2092,2026-03-24,Organic Search,47.26
ORD-10684,USR-2260,2026-01-30,TikTok Ads,74.37
ORD-10685,USR-2016,2026-01-25,TikTok Ads,87.49
ORD-10686,USR-2048,2026-04-04,Meta Ads,84.48
ORD-10687,USR-1098,2026-04-26,Meta Ads,39.67
ORD-10688,USR-1684,2026-03-26,Organic Search,46.98
ORD-10689,USR-1843,2026-05-06,Organic Search,18.77
ORD-10690,USR-1783,2026-02-23,Meta Ads,75.26
ORD-10691,USR-1186,2026-01-18,Organic Search,76.24
ORD-10692,USR-1490,2026-01-06,TikTok Ads,47.18
ORD-10693,USR-2356,2026-02-17,TikTok Ads,74.45
ORD-10694,USR-1282,2026-05-10,Meta Ads,74.44
ORD-10695,USR-1574,2026-03-13,Organic Search,20.31
ORD-10696,USR-1016,2026-01-12,Google Ads,38.29
ORD-10697,USR-1519,2026-04-30,Meta Ads,112.69
ORD-10698,USR-2198,2026-02-05,Google Ads,106.42
ORD-10699,USR-1969,2026-06-07,Meta Ads,84.59
ORD-10700,USR-2316,2026-06-29,Google Ads,91.39
ORD-10701,USR-2459,2026-05-23,Google Ads,31.94
ORD-10702,USR-1164,2026-04-16,Meta Ads,94.82
ORD-10703,USR-1837,2026-01-29,Meta Ads,51.39
ORD-10704,USR-1783,2026-05-10,Google Ads,32.99
ORD-10705,USR-1470,2026-04-10,Google Ads,99.3
ORD-10706,USR-1220,2026-06-20,TikTok Ads,51.21
ORD-10707,USR-1931,2026-06-29,Organic Search,27.82
ORD-10708,USR-2139,2026-05-27,TikTok Ads,85.6
ORD-10709,USR-1387,2026-05-28,TikTok Ads,26.09
ORD-10710,USR-1637,2026-01-05,Meta Ads,71.19
ORD-10711,USR-1988,2026-01-22,TikTok Ads,118.92
ORD-10712,USR-1617,2026-03-18,Direct,67.98
ORD-10713,USR-1477,2026-03-09,Direct,51.94
ORD-10714,USR-2212,2026-06-12,Google Ads,81.98
ORD-10715,USR-1186,2026-04-05,Google Ads,58.17
ORD-10716,USR-1143,2026-05-10,TikTok Ads,82.71
ORD-10717,USR-2130,2026-06-16,Direct,44.29
ORD-10718,USR-1003,2026-05-19,Google Ads,78.34
ORD-10719,USR-1606,2026-04-21,Organic Search,64.45
ORD-10720,USR-1558,2026-04-02,Meta Ads,37.08
ORD-10721,USR-2131,2026-04-16,TikTok Ads,21.41
ORD-10722,USR-2354,2026-02-09,Meta Ads,103.92
ORD-10723,USR-1794,2026-01-12,Meta Ads,77.4
ORD-10724,USR-2339,2026-02-18,TikTok Ads,15.14
ORD-10725,USR-2119,2026-03-25,Meta Ads,38.76
ORD-10726,USR-1844,2026-02-11,Meta Ads,84.42
ORD-10727,USR-1420,2026-04-28,Meta Ads,83.29
ORD-10728,USR-1753,2026-01-22,Meta Ads,19.72
ORD-10729,USR-2183,2026-02-10,Direct,65.25
ORD-10730,USR-2096,2026-03-07,Google Ads,63.86
ORD-10731,USR-1787,2026-01-10,Meta Ads,65.68
ORD-10732,USR-2431,2026-03-07,Google Ads,66.72
ORD-10733,USR-2101,2026-05-10,TikTok Ads,56.78
ORD-10734,USR-2179,2026-01-15,Organic Search,32.42
ORD-10735,USR-1621,2026-04-13,Google Ads,24.44
ORD-10736,USR-1673,2026-05-26,Meta Ads,111.31
ORD-10737,USR-2477,2026-03-17,Meta Ads,90.05
ORD-10738,USR-1638,2026-06-13,TikTok Ads,88.27
ORD-10739,USR-2119,2026-04-10,TikTok Ads,86.02
ORD-10740,USR-1293,2026-06-13,TikTok Ads,46.06
ORD-10741,USR-1698,2026-04-19,Meta Ads,112.05
ORD-10742,USR-2485,2026-05-29,TikTok Ads,61.45
ORD-10743,USR-2004,2026-05-20,Meta Ads,102.91
ORD-10744,USR-2424,2026-03-02,Meta Ads,102.31
ORD-10745,USR-1108,2026-02-13,TikTok Ads,108.9
ORD-10746,USR-1205,2026-03-28,TikTok Ads,27.41
ORD-10747,USR-2378,2026-04-07,Meta Ads,52.44
ORD-10748,USR-1189,2026-03-24,Meta Ads,71.73
ORD-10749,USR-1290,2026-06-17,Organic Search,109.37
ORD-10750,USR-2432,2026-01-29,Meta Ads,55.32
ORD-10751,USR-1730,2026-06-22,Direct,40.23
ORD-10752,USR-1607,2026-05-09,Meta Ads,33.57
ORD-10753,USR-1053,2026-02-23,Google Ads,106.73
ORD-10754,USR-1192,2026-04-09,Organic Search,48.6
ORD-10755,USR-1705,2026-04-21,Meta Ads,85.61
ORD-10756,USR-2135,2026-03-11,Google Ads,28.99
ORD-10757,USR-1708,2026-05-11,TikTok Ads,75.74
ORD-10758,USR-1242,2026-04-19,Meta Ads,67.5
ORD-10759,USR-1170,2026-04-12,Meta Ads,34.6
ORD-10760,USR-1110,2026-03-27,Meta Ads,79.8
ORD-10761,USR-2223,2026-03-27,Meta Ads,116.17
ORD-10762,USR-1298,2026-04-25,Google Ads,44.17
ORD-10763,USR-1210,2026-05-17,Meta Ads,102.4
ORD-10764,USR-1438,2026-06-28,Google Ads,39.54
ORD-10765,USR-1805,2026-06-03,Meta Ads,69.94
ORD-10766,USR-1941,2026-01-19,TikTok Ads,77.85
ORD-10767,USR-2255,2026-04-23,TikTok Ads,72.2
ORD-10768,USR-1375,2026-02-21,TikTok Ads,22.84
ORD-10769,USR-1651,2026-04-13,Google Ads,52.66
ORD-10770,USR-1599,2026-04-27,Google Ads,112.03
ORD-10771,USR-1117,2026-01-13,TikTok Ads,46.82
ORD-10772,USR-2098,2026-04-26,TikTok Ads,112.72
ORD-10773,USR-1522,2026-01-07,Google Ads,53.85
ORD-10774,USR-1746,2026-06-22,Meta Ads,116.78
ORD-10775,USR-2490,2026-01-26,Organic Search,23.06
ORD-10776,USR-1797,2026-01-14,Meta Ads,67.43
ORD-10777,USR-1684,2026-06-07,Direct,27.09
ORD-10778,USR-1506,2026-06-28,Meta Ads,84.27
ORD-10779,USR-1505,2026-03-05,Google Ads,21.45
ORD-10780,USR-2301,2026-03-28,Google Ads,29.21
ORD-10781,USR-2464,2026-06-18,Meta Ads,78.19
ORD-10782,USR-1819,2026-05-05,Meta Ads,46.22
ORD-10783,USR-1643,2026-06-11,Meta Ads,36.93
ORD-10784,USR-1477,2026-01-04,Google Ads,53.18
ORD-10785,USR-1919,2026-02-04,Meta Ads,99.32
ORD-10786,USR-2306,2026-06-27,Google Ads,77.24
ORD-10787,USR-1507,2026-05-01,Google Ads,107.27
ORD-10788,USR-2210,2026-04-09,Meta Ads,54.01
ORD-10789,USR-1303,2026-06-14,Meta Ads,48.51
ORD-10790,USR-1541,2026-06-25,Google Ads,23.42
ORD-10791,USR-1221,2026-03-07,TikTok Ads,52.78
ORD-10792,USR-2478,2026-03-31,Meta Ads,86.24
ORD-10793,USR-1598,2026-05-07,Organic Search,49.2
ORD-10794,USR-1597,2026-05-14,TikTok Ads,64.3
ORD-10795,USR-2380,2026-05-26,Google Ads,16.1
ORD-10796,USR-2252,2026-06-19,Google Ads,97.52
ORD-10797,USR-1904,2026-04-04,Meta Ads,106.76
ORD-10798,USR-2184,2026-03-17,Organic Search,74.52
ORD-10799,USR-1171,2026-04-27,Google Ads,20.73
ORD-10800,USR-1421,2026-01-03,Meta Ads,37.71
ORD-10801,USR-1377,2026-06-10,Organic Search,61.32
ORD-10802,USR-1880,2026-05-03,Google Ads,67.87
ORD-10803,USR-1382,2026-01-22,Meta Ads,81.3
ORD-10804,USR-2108,2026-01-25,Google Ads,58.48
ORD-10805,USR-2435,2026-05-24,Organic Search,58.59
ORD-10806,USR-1264,2026-06-28,TikTok Ads,17.21
ORD-10807,USR-1726,2026-05-30,Meta Ads,97.71
ORD-10808,USR-2353,2026-02-22,Google Ads,72.01
ORD-10809,USR-1924,2026-05-02,Meta Ads,16.3
ORD-10810,USR-1347,2026-05-11,Meta Ads,40.64
ORD-10811,USR-1622,2026-02-04,Meta Ads,104.75
ORD-10812,USR-1903,2026-04-03,Google Ads,43.42
ORD-10813,USR-1596,2026-05-02,Meta Ads,17.71
ORD-10814,USR-2356,2026-05-16,Google Ads,119.43
ORD-10815,USR-2356,2026-01-09,Google Ads,26.92
ORD-10816,USR-1225,2026-03-12,Meta Ads,34.45
ORD-10817,USR-2451,2026-06-01,Google Ads,19.79
ORD-10818,USR-2392,2026-04-20,Google Ads,23.1
ORD-10819,USR-2391,2026-01-12,Direct,86.46
ORD-10820,USR-1170,2026-06-13,Google Ads,87.53
ORD-10821,USR-2213,2026-06-20,Meta Ads,55.12
ORD-10822,USR-2338,2026-03-19,Meta Ads,15.44
ORD-10823,USR-2178,2026-04-02,TikTok Ads,95.43
ORD-10824,USR-1467,2026-05-17,Google Ads,75.86
ORD-10825,USR-1993,2026-03-09,Meta Ads,19.35
ORD-10826,USR-2455,2026-06-03,Google Ads,27.05
ORD-10827,USR-1147,2026-06-22,Meta Ads,33.8
ORD-10828,USR-1812,2026-04-21,Meta Ads,64.88
ORD-10829,USR-1972,2026-03-04,TikTok Ads,44.46
ORD-10830,USR-2332,2026-05-27,Direct,87.17
ORD-10831,USR-2451,2026-01-14,Organic Search,66.44
ORD-10832,USR-1725,2026-02-20,TikTok Ads,33.99
ORD-10833,USR-1438,2026-01-19,Meta Ads,43.63
ORD-10834,USR-1890,2026-02-02,Organic Search,22.14
ORD-10835,USR-1409,2026-05-06,Meta Ads,108.46
ORD-10836,USR-1591,2026-05-07,Google Ads,85.95
ORD-10837,USR-1309,2026-05-06,Google Ads,21.21
ORD-10838,USR-1443,2026-01-28,TikTok Ads,119.38
ORD-10839,USR-1213,2026-03-13,Meta Ads,107.36
ORD-10840,USR-1064,2026-03-26,Direct,52.21
ORD-10841,USR-1938,2026-04-25,TikTok Ads,88.58
ORD-10842,USR-1490,2026-04-06,Google Ads,51.73
ORD-10843,USR-1918,2026-05-29,Google Ads,48.08
ORD-10844,USR-2326,2026-06-21,Meta Ads,17.65
ORD-10845,USR-2455,2026-06-19,Google Ads,74.21
ORD-10846,USR-1244,2026-05-14,Meta Ads,74.58
ORD-10847,USR-1295,2026-01-31,Meta Ads,79.06
ORD-10848,USR-1100,2026-03-18,Google Ads,110.76
ORD-10849,USR-1936,2026-04-02,Google Ads,34.19
ORD-10850,USR-1133,2026-02-27,Meta Ads,110.34
ORD-10851,USR-2098,2026-02-07,Meta Ads,76.41
ORD-10852,USR-2378,2026-06-17,Meta Ads,21.39
ORD-10853,USR-2264,2026-01-19,TikTok Ads,52.97
ORD-10854,USR-1701,2026-03-29,Google Ads,82.42
ORD-10855,USR-1507,2026-06-02,Meta Ads,27.78
ORD-10856,USR-1220,2026-03-30,Meta Ads,100.07
ORD-10857,USR-1840,2026-01-25,TikTok Ads,75.07
ORD-10858,USR-1871,2026-05-27,Meta Ads,40.92
ORD-10859,USR-1044,2026-02-03,Google Ads,76.74
ORD-10860,USR-1872,2026-05-02,Meta Ads,23.57
ORD-10861,USR-2033,2026-02-08,TikTok Ads,69.4
ORD-10862,USR-1380,2026-01-18,Meta Ads,100.25
ORD-10863,USR-2191,2026-01-15,Google Ads,85.23
ORD-10864,USR-2232,2026-05-17,Meta Ads,17.11
ORD-10865,USR-2092,2026-04-09,Google Ads,63.14
ORD-10866,USR-1622,2026-01-20,Organic Search,86.3
ORD-10867,USR-2353,2026-01-13,Meta Ads,36.88
ORD-10868,USR-1190,2026-04-15,Organic Search,39.26
ORD-10869,USR-1266,2026-01-09,Meta Ads,38.17
ORD-10870,USR-1375,2026-02-11,Organic Search,58.71
ORD-10871,USR-1072,2026-02-06,Meta Ads,94.8
ORD-10872,USR-1571,2026-05-10,TikTok Ads,37.02
ORD-10873,USR-2174,2026-02-09,Organic Search,55.52
ORD-10874,USR-1734,2026-06-28,Organic Search,87.62
ORD-10875,USR-2206,2026-06-27,Meta Ads,28.73
ORD-10876,USR-1870,2026-05-10,Direct,81.36
ORD-10877,USR-1697,2026-04-29,Google Ads,30.46
ORD-10878,USR-2215,2026-03-16,TikTok Ads,81.79
ORD-10879,USR-1893,2026-02-28,Meta Ads,35.86
ORD-10880,USR-2384,2026-05-24,Organic Search,53.87
ORD-10881,USR-1944,2026-02-04,Organic Search,84.06
ORD-10882,USR-1466,2026-04-10,Google Ads,97.74
ORD-10883,USR-1231,2026-05-24,Google Ads,100.3
ORD-10884,USR-2296,2026-03-21,Organic Search,46.76
ORD-10885,USR-1545,2026-01-07,Organic Search,43.74
ORD-10886,USR-1214,2026-01-06,TikTok Ads,104.6
ORD-10887,USR-1685,2026-05-06,Meta Ads,82.8
ORD-10888,USR-1893,2026-01-26,Meta Ads,47.77
ORD-10889,USR-2212,2026-05-11,Meta Ads,29.42
ORD-10890,USR-1565,2026-03-31,Meta Ads,84.54
ORD-10891,USR-2135,2026-02-28,Organic Search,47.86
ORD-10892,USR-1668,2026-02-28,Organic Search,92.91
ORD-10893,USR-2058,2026-02-25,TikTok Ads,106.67
ORD-10894,USR-1000,2026-04-14,Organic Search,64.92
ORD-10895,USR-2146,2026-06-21,Meta Ads,102.83
ORD-10896,USR-1574,2026-04-27,TikTok Ads,90.64
ORD-10897,USR-2455,2026-05-07,Google Ads,102.01
ORD-10898,USR-2469,2026-01-03,TikTok Ads,57.23
ORD-10899,USR-2276,2026-01-14,TikTok Ads,111.83
ORD-10900,USR-2047,2026-04-05,Organic Search,29.62
ORD-10901,USR-1717,2026-03-23,Google Ads,49.24
ORD-10902,USR-1270,2026-03-20,Direct,105.56
ORD-10903,USR-1701,2026-01-08,TikTok Ads,113.92
ORD-10904,USR-1351,2026-04-15,Meta Ads,76.18
ORD-10905,USR-2024,2026-04-26,Google Ads,20.9
ORD-10906,USR-1888,2026-03-20,Google Ads,33.02
ORD-10907,USR-1764,2026-03-23,Google Ads,58.67
ORD-10908,USR-1309,2026-01-14,Direct,64.77
ORD-10909,USR-2117,2026-04-11,TikTok Ads,58.59
ORD-10910,USR-2045,2026-03-26,Google Ads,35.55
ORD-10911,USR-2151,2026-01-16,Organic Search,58.99
ORD-10912,USR-1502,2026-01-17,Meta Ads,93.97
ORD-10913,USR-1861,2026-03-26,TikTok Ads,77.59
ORD-10914,USR-1447,2026-03-10,Meta Ads,51.23
ORD-10915,USR-1708,2026-04-15,Google Ads,105.52
ORD-10916,USR-1611,2026-03-07,Meta Ads,68.86
ORD-10917,USR-1156,2026-01-22,Organic Search,27.64
ORD-10918,USR-1326,2026-04-20,Organic Search,112.52
ORD-10919,USR-2155,2026-04-07,TikTok Ads,68.8
ORD-10920,USR-1058,2026-03-23,Meta Ads,80.24
ORD-10921,USR-2462,2026-01-28,Meta Ads,18.74
ORD-10922,USR-1801,2026-03-11,Meta Ads,20.65
ORD-10923,USR-1624,2026-04-16,Meta Ads,56.14
ORD-10924,USR-1112,2026-01-18,Google Ads,61.64
ORD-10925,USR-1976,2026-02-08,Organic Search,105.45
ORD-10926,USR-1761,2026-05-31,TikTok Ads,71.17
ORD-10927,USR-1145,2026-03-08,Organic Search,118.62
ORD-10928,USR-1192,2026-02-09,Meta Ads,108.08
ORD-10929,USR-1362,2026-02-18,Organic Search,43.04
ORD-10930,USR-2454,2026-03-19,Organic Search,57.37
ORD-10931,USR-2221,2026-06-28,Meta Ads,50.42
ORD-10932,USR-2088,2026-06-04,Meta Ads,114.9
ORD-10933,USR-2454,2026-04-23,Meta Ads,34.42
ORD-10934,USR-1610,2026-03-04,Meta Ads,53.14
ORD-10935,USR-1125,2026-01-22,Direct,66.76
ORD-10936,USR-2181,2026-06-18,Google Ads,21.32
ORD-10937,USR-1397,2026-05-02,Meta Ads,85.77
ORD-10938,USR-1568,2026-04-20,Organic Search,22.41
ORD-10939,USR-1896,2026-02-04,TikTok Ads,101.23
ORD-10940,USR-1896,2026-06-14,Meta Ads,40.93
ORD-10941,USR-1060,2026-01-16,Meta Ads,65.7
ORD-10942,USR-1064,2026-01-26,Google Ads,102.82
ORD-10943,USR-1534,2026-06-20,Meta Ads,117.98
ORD-10944,USR-2185,2026-03-12,Google Ads,54.59
ORD-10945,USR-1607,2026-03-19,Google Ads,87.58
ORD-10946,USR-2104,2026-01-10,Meta Ads,67.85
ORD-10947,USR-1872,2026-03-11,TikTok Ads,82.78
ORD-10948,USR-1901,2026-02-27,Meta Ads,58.42
ORD-10949,USR-1460,2026-01-23,Direct,115.34
ORD-10950,USR-2120,2026-02-13,Direct,19.53
ORD-10951,USR-2242,2026-04-19,Organic Search,114.52
ORD-10952,USR-1847,2026-03-02,Google Ads,118.03
ORD-10953,USR-2177,2026-04-29,Google Ads,95.64
ORD-10954,USR-1545,2026-03-08,Meta Ads,62.28
ORD-10955,USR-1514,2026-06-18,Organic Search,101.72
ORD-10956,USR-1616,2026-01-31,Organic Search,50.15
ORD-10957,USR-1517,2026-01-14,TikTok Ads,52.38
ORD-10958,USR-1669,2026-03-12,Organic Search,100.51
ORD-10959,USR-2120,2026-05-06,Meta Ads,35.65
ORD-10960,USR-1055,2026-06-19,Google Ads,76.58
ORD-10961,USR-1666,2026-02-01,Google Ads,89.83
ORD-10962,USR-1497,2026-03-05,Google Ads,64.61
ORD-10963,USR-2222,2026-05-07,Meta Ads,58.38
ORD-10964,USR-1446,2026-03-30,TikTok Ads,75.46
ORD-10965,USR-1175,2026-03-15,TikTok Ads,40.28
ORD-10966,USR-1343,2026-06-15,Meta Ads,30.45
ORD-10967,USR-1727,2026-04-30,Google Ads,110.64
ORD-10968,USR-2341,2026-05-10,Google Ads,100.29
ORD-10969,USR-1116,2026-03-09,Direct,74.89
ORD-10970,USR-2364,2026-04-04,Meta Ads,72.4
ORD-10971,USR-1912,2026-06-06,Google Ads,35.52
ORD-10972,USR-1072,2026-04-11,Google Ads,108.47
ORD-10973,USR-2361,2026-06-06,Meta Ads,67.71
ORD-10974,USR-1106,2026-04-30,Google Ads,20.72
ORD-10975,USR-1987,2026-03-20,Google Ads,38.83
ORD-10976,USR-1537,2026-01-19,Meta Ads,59.5
ORD-10977,USR-2456,2026-06-03,Meta Ads,61.71
ORD-10978,USR-1809,2026-05-11,Google Ads,73.12
ORD-10979,USR-1830,2026-06-10,Google Ads,91.14
ORD-10980,USR-2378,2026-02-18,Organic Search,118.51
ORD-10981,USR-2069,2026-04-10,Direct,92.87
ORD-10982,USR-1821,2026-05-24,Meta Ads,56.48
ORD-10983,USR-2141,2026-02-18,Meta Ads,85.74
ORD-10984,USR-2157,2026-06-06,Google Ads,81.65
ORD-10985,USR-2357,2026-03-21,TikTok Ads,72.3
ORD-10986,USR-2184,2026-03-31,Google Ads,93.6
ORD-10987,USR-1962,2026-02-14,Google Ads,116.56
ORD-10988,USR-1397,2026-06-03,Direct,99.59
ORD-10989,USR-1555,2026-02-18,Organic Search,71.24
ORD-10990,USR-1609,2026-03-19,Meta Ads,85.01
ORD-10991,USR-1995,2026-05-29,Meta Ads,20.65
ORD-10992,USR-1790,2026-03-28,Meta Ads,55.71
ORD-10993,USR-1595,2026-02-17,Google Ads,104.98
ORD-10994,USR-2291,2026-02-15,TikTok Ads,88.59
ORD-10995,USR-2362,2026-04-10,Google Ads,50.87
ORD-10996,USR-2379,2026-05-14,Google Ads,27.54
ORD-10997,USR-2269,2026-01-12,Organic Search,77.72
ORD-10998,USR-1479,2026-02-20,Meta Ads,104.73
ORD-10999,USR-1564,2026-01-06,Meta Ads,24.25
ORD-11000,USR-2092,2026-02-17,Google Ads,34.09
ORD-11001,USR-1534,2026-05-11,Meta Ads,97.85
ORD-11002,USR-1092,2026-01-09,TikTok Ads,45.08
ORD-11003,USR-2172,2026-06-03,Meta Ads,102.84
ORD-11004,USR-1471,2026-06-15,Organic Search,92.57
ORD-11005,USR-2037,2026-04-29,Direct,88.1
ORD-11006,USR-2261,2026-02-07,Google Ads,70.88
ORD-11007,USR-1962,2026-01-10,TikTok Ads,46.79
ORD-11008,USR-1870,2026-04-25,Google Ads,78.06
ORD-11009,USR-2108,2026-05-21,TikTok Ads,79.81
ORD-11010,USR-1018,2026-05-12,Google Ads,111.87
ORD-11011,USR-1773,2026-03-22,TikTok Ads,35.16
ORD-11012,USR-2464,2026-02-20,Google Ads,78.26
ORD-11013,USR-1635,2026-03-14,Google Ads,69.53
ORD-11014,USR-2135,2026-01-10,Organic Search,34.51
ORD-11015,USR-1751,2026-04-16,Google Ads,60.96
ORD-11016,USR-2329,2026-03-27,Google Ads,22.32
ORD-11017,USR-1134,2026-01-20,Direct,45.23
ORD-11018,USR-2269,2026-06-03,TikTok Ads,105.56
ORD-11019,USR-2398,2026-03-27,Meta Ads,19.3
ORD-11020,USR-1241,2026-05-14,Google Ads,21.63
ORD-11021,USR-1711,2026-02-20,Meta Ads,50.41
ORD-11022,USR-2405,2026-03-11,TikTok Ads,63.05
ORD-11023,USR-1731,2026-02-02,Google Ads,26.15
ORD-11024,USR-2321,2026-04-06,Organic Search,35.47
ORD-11025,USR-1543,2026-04-20,Organic Search,118.02
ORD-11026,USR-1737,2026-01-25,Meta Ads,57.24
ORD-11027,USR-1575,2026-05-06,Google Ads,72.49
ORD-11028,USR-1529,2026-02-02,Organic Search,25.56
ORD-11029,USR-1881,2026-03-25,Google Ads,51.35
ORD-11030,USR-1087,2026-05-26,Meta Ads,79.81
ORD-11031,USR-1905,2026-01-30,Google Ads,57.45
ORD-11032,USR-2209,2026-06-26,Direct,74.29
ORD-11033,USR-2065,2026-06-10,TikTok Ads,81.23
ORD-11034,USR-2302,2026-04-04,Google Ads,42.85
ORD-11035,USR-1545,2026-03-06,Meta Ads,20.9
ORD-11036,USR-1111,2026-05-16,Meta Ads,79.09
ORD-11037,USR-2362,2026-06-07,Meta Ads,51.04
ORD-11038,USR-1697,2026-03-31,Google Ads,69.05
ORD-11039,USR-2131,2026-03-17,Organic Search,116.19
ORD-11040,USR-1971,2026-03-18,Organic Search,23.37
ORD-11041,USR-2111,2026-05-15,Direct,51.32
ORD-11042,USR-2211,2026-05-31,Google Ads,99.21
ORD-11043,USR-2482,2026-01-15,Organic Search,109.42
ORD-11044,USR-1365,2026-03-18,Meta Ads,47.52
ORD-11045,USR-2063,2026-04-16,Google Ads,57.25
ORD-11046,USR-1709,2026-04-09,Meta Ads,64.79
ORD-11047,USR-1956,2026-01-11,TikTok Ads,19.24
ORD-11048,USR-1236,2026-03-26,Google Ads,61.5
ORD-11049,USR-1634,2026-06-17,Meta Ads,36.37
ORD-11050,USR-1670,2026-03-09,Organic Search,17.21
ORD-11051,USR-1356,2026-06-02,Meta Ads,46.69
ORD-11052,USR-1523,2026-04-07,Meta Ads,57.32
ORD-11053,USR-1196,2026-01-28,Organic Search,117.58
ORD-11054,USR-2388,2026-03-18,Google Ads,86.04
ORD-11055,USR-1421,2026-03-19,Meta Ads,43.93
ORD-11056,USR-2128,2026-02-02,Meta Ads,95.36
ORD-11057,USR-1376,2026-02-20,Meta Ads,39.74
ORD-11058,USR-1181,2026-05-23,Meta Ads,44.69
ORD-11059,USR-1862,2026-05-20,Direct,82.49
ORD-11060,USR-1971,2026-02-05,Direct,40.1
ORD-11061,USR-1572,2026-04-11,Google Ads,104.3
ORD-11062,USR-2086,2026-06-20,Direct,83.63
ORD-11063,USR-2448,2026-04-15,Google Ads,29.0
ORD-11064,USR-1681,2026-06-27,TikTok Ads,112.05
ORD-11065,USR-1745,2026-04-26,Meta Ads,53.78
ORD-11066,USR-1367,2026-04-06,Google Ads,115.16
ORD-11067,USR-2193,2026-03-29,Google Ads,85.77
ORD-11068,USR-1293,2026-03-31,Google Ads,98.54
ORD-11069,USR-1968,2026-05-12,TikTok Ads,76.46
ORD-11070,USR-1246,2026-05-10,Direct,98.73
ORD-11071,USR-1559,2026-06-08,TikTok Ads,59.18
ORD-11072,USR-1688,2026-04-08,Organic Search,90.31
ORD-11073,USR-2484,2026-03-21,Google Ads,105.76
ORD-11074,USR-2237,2026-06-07,Direct,87.36
ORD-11075,USR-1502,2026-04-24,Organic Search,59.82
ORD-11076,USR-1707,2026-03-17,Google Ads,107.16
ORD-11077,USR-2269,2026-06-08,Meta Ads,73.56
ORD-11078,USR-1164,2026-05-31,Direct,57.18
ORD-11079,USR-1332,2026-05-25,Google Ads,83.34
ORD-11080,USR-1061,2026-02-14,Meta Ads,68.88
ORD-11081,USR-2323,2026-02-21,Direct,38.89
ORD-11082,USR-1545,2026-06-21,Meta Ads,101.16
ORD-11083,USR-1041,2026-02-24,Direct,49.57
ORD-11084,USR-2381,2026-05-02,Google Ads,51.95
ORD-11085,USR-1391,2026-05-08,Meta Ads,28.09
ORD-11086,USR-1084,2026-04-23,Meta Ads,95.42
ORD-11087,USR-1068,2026-02-18,Meta Ads,17.04
ORD-11088,USR-2468,2026-03-03,Google Ads,113.26
ORD-11089,USR-2329,2026-06-20,Meta Ads,16.1
ORD-11090,USR-1445,2026-03-19,TikTok Ads,60.45
ORD-11091,USR-2289,2026-06-26,Direct,68.51
ORD-11092,USR-1218,2026-02-26,Organic Search,79.58
ORD-11093,USR-2261,2026-05-07,Meta Ads,68.44
ORD-11094,USR-1024,2026-05-28,Google Ads,115.68
ORD-11095,USR-2080,2026-04-30,Google Ads,44.3
ORD-11096,USR-1236,2026-05-08,TikTok Ads,20.77
ORD-11097,USR-1551,2026-01-21,Google Ads,31.22
ORD-11098,USR-1054,2026-05-07,Google Ads,22.81
ORD-11099,USR-2207,2026-06-21,Meta Ads,116.49
ORD-11100,USR-1200,2026-04-25,Meta Ads,15.65
ORD-11101,USR-1503,2026-03-07,Direct,24.59
ORD-11102,USR-1787,2026-02-11,Direct,97.76
ORD-11103,USR-1574,2026-01-27,Meta Ads,87.28
ORD-11104,USR-1422,2026-01-19,TikTok Ads,106.05
ORD-11105,USR-1423,2026-03-22,Organic Search,32.76
ORD-11106,USR-1203,2026-06-02,Organic Search,103.73
ORD-11107,USR-1306,2026-01-29,Meta Ads,25.89
ORD-11108,USR-2080,2026-03-10,Google Ads,85.14
ORD-11109,USR-2302,2026-01-17,Organic Search,55.37
ORD-11110,USR-2288,2026-03-20,Meta Ads,97.09
ORD-11111,USR-1418,2026-06-01,Meta Ads,75.53
ORD-11112,USR-2344,2026-04-19,Organic Search,34.69
ORD-11113,USR-2070,2026-04-19,Google Ads,30.07
ORD-11114,USR-1891,2026-04-06,TikTok Ads,68.85
ORD-11115,USR-2050,2026-04-22,Direct,89.23
ORD-11116,USR-2105,2026-06-16,Organic Search,106.14
ORD-11117,USR-2185,2026-02-23,Direct,54.06
ORD-11118,USR-1510,2026-05-26,Meta Ads,76.03
ORD-11119,USR-1388,2026-06-28,Direct,68.97
ORD-11120,USR-2491,2026-06-07,Organic Search,48.91
ORD-11121,USR-1234,2026-06-05,Meta Ads,33.17
ORD-11122,USR-1403,2026-06-08,Meta Ads,39.18
ORD-11123,USR-1087,2026-02-24,Meta Ads,29.59
ORD-11124,USR-1139,2026-05-15,Meta Ads,114.59
ORD-11125,USR-2381,2026-04-18,Meta Ads,95.2
ORD-11126,USR-1585,2026-04-13,Google Ads,69.86
ORD-11127,USR-2219,2026-04-18,Direct,57.54
ORD-11128,USR-2275,2026-02-10,TikTok Ads,54.99
ORD-11129,USR-1044,2026-04-29,Meta Ads,92.66
ORD-11130,USR-2101,2026-05-06,Google Ads,100.55
ORD-11131,USR-1514,2026-04-11,Google Ads,29.05
ORD-11132,USR-1508,2026-03-15,Meta Ads,35.9
ORD-11133,USR-2292,2026-06-25,Meta Ads,72.2
ORD-11134,USR-1599,2026-01-04,Meta Ads,40.07
ORD-11135,USR-1991,2026-05-14,TikTok Ads,88.92
ORD-11136,USR-1151,2026-01-21,Google Ads,115.24
ORD-11137,USR-1868,2026-01-03,Google Ads,22.14
ORD-11138,USR-2079,2026-02-23,Google Ads,68.12
ORD-11139,USR-1813,2026-02-09,Meta Ads,103.71
ORD-11140,USR-2443,2026-06-04,TikTok Ads,47.85
ORD-11141,USR-1769,2026-04-09,TikTok Ads,16.03
ORD-11142,USR-2371,2026-06-29,Meta Ads,87.8
ORD-11143,USR-1438,2026-01-22,Meta Ads,105.53
ORD-11144,USR-1083,2026-05-20,TikTok Ads,104.44
ORD-11145,USR-1692,2026-01-13,Meta Ads,74.74
ORD-11146,USR-1352,2026-01-13,Organic Search,56.66
ORD-11147,USR-1172,2026-04-28,Google Ads,15.22
ORD-11148,USR-1522,2026-04-30,Meta Ads,90.83
ORD-11149,USR-2139,2026-04-27,Google Ads,69.47
ORD-11150,USR-1838,2026-01-31,Meta Ads,46.13
ORD-11151,USR-1415,2026-03-11,Meta Ads,83.51
ORD-11152,USR-1395,2026-06-27,Google Ads,28.99
ORD-11153,USR-1325,2026-05-25,Google Ads,89.3
ORD-11154,USR-2189,2026-04-01,TikTok Ads,99.84
ORD-11155,USR-1368,2026-03-25,Meta Ads,102.6
ORD-11156,USR-2312,2026-06-14,TikTok Ads,63.13
ORD-11157,USR-2189,2026-05-13,Meta Ads,23.95
ORD-11158,USR-1478,2026-02-06,Google Ads,46.14
ORD-11159,USR-1687,2026-03-20,Meta Ads,119.9
ORD-11160,USR-1821,2026-03-28,Meta Ads,76.43
ORD-11161,USR-1349,2026-04-08,Organic Search,85.03
ORD-11162,USR-2115,2026-02-28,Organic Search,106.14
ORD-11163,USR-2212,2026-02-14,TikTok Ads,22.9
ORD-11164,USR-1127,2026-02-27,TikTok Ads,61.71
ORD-11165,USR-1549,2026-02-16,Meta Ads,55.6
ORD-11166,USR-1153,2026-02-22,Organic Search,68.23
ORD-11167,USR-1348,2026-05-27,TikTok Ads,105.11
ORD-11168,USR-1893,2026-06-28,Google Ads,42.67
ORD-11169,USR-1096,2026-03-05,TikTok Ads,119.81
ORD-11170,USR-1734,2026-06-04,Meta Ads,51.52
ORD-11171,USR-2134,2026-03-07,Meta Ads,82.86
ORD-11172,USR-2435,2026-04-09,Google Ads,118.16
ORD-11173,USR-1595,2026-01-25,TikTok Ads,19.19
ORD-11174,USR-1125,2026-02-20,Meta Ads,88.66
ORD-11175,USR-2211,2026-03-10,Organic Search,97.35
ORD-11176,USR-2099,2026-06-08,TikTok Ads,56.79
ORD-11177,USR-1837,2026-03-26,Meta Ads,110.96
ORD-11178,USR-2005,2026-05-11,Google Ads,100.77
ORD-11179,USR-1235,2026-03-31,TikTok Ads,20.99
ORD-11180,USR-1122,2026-01-05,Meta Ads,25.77
ORD-11181,USR-1947,2026-05-24,Google Ads,90.15
ORD-11182,USR-2334,2026-01-13,Google Ads,66.87
ORD-11183,USR-2113,2026-03-07,TikTok Ads,40.69
ORD-11184,USR-1455,2026-04-12,Organic Search,40.53
ORD-11185,USR-1485,2026-04-27,TikTok Ads,25.7
ORD-11186,USR-1852,2026-04-25,TikTok Ads,94.8
ORD-11187,USR-2325,2026-01-20,Google Ads,60.99
ORD-11188,USR-2294,2026-04-03,Google Ads,86.8
ORD-11189,USR-2107,2026-05-18,Google Ads,34.89
ORD-11190,USR-2430,2026-02-06,Meta Ads,56.64
ORD-11191,USR-1411,2026-04-03,Meta Ads,26.5
ORD-11192,USR-1224,2026-06-08,Organic Search,71.84
ORD-11193,USR-1987,2026-04-01,Meta Ads,75.98
ORD-11194,USR-2065,2026-05-13,Organic Search,52.01
ORD-11195,USR-1833,2026-01-27,TikTok Ads,86.0
ORD-11196,USR-1841,2026-04-27,TikTok Ads,68.85
ORD-11197,USR-1066,2026-06-02,Meta Ads,78.24
ORD-11198,USR-1825,2026-02-27,TikTok Ads,88.84
ORD-11199,USR-1661,2026-03-28,Organic Search,93.49
ORD-11200,USR-2235,2026-04-13,Direct,82.25
ORD-11201,USR-1748,2026-05-09,Meta Ads,75.88
ORD-11202,USR-2354,2026-01-03,TikTok Ads,37.86
ORD-11203,USR-1448,2026-02-14,Organic Search,16.54
ORD-11204,USR-1015,2026-02-04,Direct,94.14
ORD-11205,USR-1704,2026-05-24,Google Ads,94.26
ORD-11206,USR-1396,2026-04-25,Organic Search,118.33
ORD-11207,USR-1177,2026-04-13,Organic Search,74.28
ORD-11208,USR-1006,2026-02-28,Google Ads,107.27
ORD-11209,USR-2025,2026-06-10,Meta Ads,110.23
ORD-11210,USR-1497,2026-06-09,Direct,86.82
ORD-11211,USR-2024,2026-02-01,TikTok Ads,64.25
ORD-11212,USR-2333,2026-02-04,Meta Ads,50.25
ORD-11213,USR-2348,2026-03-21,Google Ads,29.85
ORD-11214,USR-2132,2026-01-22,Google Ads,35.7
ORD-11215,USR-1291,2026-04-10,Meta Ads,39.87
ORD-11216,USR-1913,2026-06-27,Meta Ads,71.41
ORD-11217,USR-1038,2026-01-21,Meta Ads,25.79
ORD-11218,USR-2359,2026-03-31,Google Ads,68.6
ORD-11219,USR-1560,2026-03-14,Google Ads,32.18
ORD-11220,USR-2082,2026-06-25,TikTok Ads,86.99
ORD-11221,USR-1946,2026-04-13,Meta Ads,98.85
ORD-11222,USR-2252,2026-02-10,TikTok Ads,100.8
ORD-11223,USR-2414,2026-05-12,TikTok Ads,37.86
ORD-11224,USR-2360,2026-01-12,Meta Ads,25.33
ORD-11225,USR-2092,2026-02-01,Direct,106.85
ORD-11226,USR-1099,2026-05-17,TikTok Ads,106.95
ORD-11227,USR-2137,2026-03-03,Organic Search,90.71
ORD-11228,USR-1681,2026-05-23,Meta Ads,17.95
ORD-11229,USR-1753,2026-04-03,Meta Ads,30.34
ORD-11230,USR-1074,2026-06-21,Organic Search,83.49
ORD-11231,USR-1319,2026-04-24,Google Ads,19.85
ORD-11232,USR-1254,2026-04-16,Organic Search,33.62
ORD-11233,USR-1997,2026-04-22,Direct,23.06
ORD-11234,USR-2115,2026-04-29,TikTok Ads,39.86
ORD-11235,USR-1235,2026-01-08,Google Ads,81.17
ORD-11236,USR-1648,2026-03-10,Direct,21.49
ORD-11237,USR-1541,2026-02-02,Meta Ads,37.39
ORD-11238,USR-1696,2026-01-29,Organic Search,42.37
ORD-11239,USR-1061,2026-05-17,Meta Ads,58.99
ORD-11240,USR-2164,2026-03-09,Google Ads,110.14
ORD-11241,USR-2416,2026-06-12,Organic Search,16.95
ORD-11242,USR-1030,2026-02-10,TikTok Ads,75.98
ORD-11243,USR-1057,2026-05-10,Meta Ads,21.63
ORD-11244,USR-1682,2026-03-15,TikTok Ads,52.88
ORD-11245,USR-2094,2026-06-11,TikTok Ads,28.42
ORD-11246,USR-1396,2026-04-28,Google Ads,18.61
ORD-11247,USR-2221,2026-02-26,Organic Search,98.62
ORD-11248,USR-1449,2026-02-18,Organic Search,41.12
ORD-11249,USR-1596,2026-04-08,Google Ads,80.81
ORD-11250,USR-1277,2026-06-29,Meta Ads,44.1
ORD-11251,USR-1380,2026-04-24,Meta Ads,48.6
ORD-11252,USR-1878,2026-01-08,Organic Search,115.77
ORD-11253,USR-2298,2026-01-20,TikTok Ads,57.71
ORD-11254,USR-1726,2026-05-08,Meta Ads,114.28
ORD-11255,USR-2106,2026-01-26,Google Ads,69.39
ORD-11256,USR-1168,2026-06-19,TikTok Ads,30.28
ORD-11257,USR-1790,2026-04-07,Meta Ads,55.2
ORD-11258,USR-1105,2026-04-06,Meta Ads,80.94
ORD-11259,USR-1533,2026-06-26,Google Ads,92.59
ORD-11260,USR-1790,2026-06-05,TikTok Ads,20.56
ORD-11261,USR-1797,2026-01-18,Meta Ads,110.73
ORD-11262,USR-1752,2026-02-08,Google Ads,74.41
ORD-11263,USR-1049,2026-04-23,Organic Search,62.37
ORD-11264,USR-2095,2026-05-26,Google Ads,79.97
ORD-11265,USR-2209,2026-01-17,Google Ads,111.06
ORD-11266,USR-2122,2026-05-30,Google Ads,81.89
ORD-11267,USR-1454,2026-02-20,Meta Ads,30.69
ORD-11268,USR-1232,2026-03-30,TikTok Ads,34.07
ORD-11269,USR-1897,2026-01-09,Meta Ads,104.58
ORD-11270,USR-1802,2026-02-20,Direct,69.31
ORD-11271,USR-1758,2026-04-30,Organic Search,44.97
ORD-11272,USR-1614,2026-05-27,Meta Ads,47.18
ORD-11273,USR-1120,2026-05-13,Direct,90.34
ORD-11274,USR-1028,2026-05-09,TikTok Ads,108.71
ORD-11275,USR-2316,2026-03-18,Google Ads,41.07
ORD-11276,USR-2429,2026-06-25,Meta Ads,91.92
ORD-11277,USR-1930,2026-02-27,Meta Ads,81.7
ORD-11278,USR-1553,2026-05-23,Google Ads,112.13
ORD-11279,USR-1063,2026-03-15,Meta Ads,46.44
ORD-11280,USR-1165,2026-06-01,Meta Ads,105.1
ORD-11281,USR-1505,2026-01-26,Direct,97.96
ORD-11282,USR-2460,2026-01-25,Meta Ads,80.37
ORD-11283,USR-1805,2026-03-31,Organic Search,95.82
ORD-11284,USR-2385,2026-03-06,Google Ads,29.63
ORD-11285,USR-2452,2026-02-13,Google Ads,85.6
ORD-11286,USR-1898,2026-05-03,Meta Ads,101.68
ORD-11287,USR-2181,2026-02-15,Organic Search,30.52
ORD-11288,USR-1610,2026-03-26,Direct,74.58
ORD-11289,USR-2197,2026-06-08,Google Ads,16.78
ORD-11290,USR-2400,2026-01-31,Google Ads,16.47
ORD-11291,USR-2025,2026-04-15,Meta Ads,84.92
ORD-11292,USR-1691,2026-01-21,Meta Ads,71.91
ORD-11293,USR-2340,2026-04-03,TikTok Ads,22.58
ORD-11294,USR-1927,2026-01-25,Google Ads,37.07
ORD-11295,USR-1736,2026-06-18,Meta Ads,71.34
ORD-11296,USR-1920,2026-01-05,Organic Search,23.8
ORD-11297,USR-1260,2026-02-04,Google Ads,76.42
ORD-11298,USR-1686,2026-04-13,Meta Ads,27.54
ORD-11299,USR-2438,2026-05-04,Direct,36.69
ORD-11300,USR-1199,2026-04-14,TikTok Ads,69.69
ORD-11301,USR-1331,2026-01-16,Meta Ads,46.17
ORD-11302,USR-1255,2026-02-08,Direct,24.53
ORD-11303,USR-1648,2026-04-22,Organic Search,25.7
ORD-11304,USR-1699,2026-05-08,TikTok Ads,52.39
ORD-11305,USR-1830,2026-01-15,Meta Ads,43.79
ORD-11306,USR-1977,2026-06-18,TikTok Ads,28.31
ORD-11307,USR-1452,2026-01-07,Google Ads,28.35
ORD-11308,USR-1473,2026-01-16,Google Ads,88.54
ORD-11309,USR-2102,2026-05-31,Organic Search,68.14
ORD-11310,USR-2302,2026-06-02,Meta Ads,68.92
ORD-11311,USR-1157,2026-05-22,Google Ads,104.06
ORD-11312,USR-1465,2026-04-13,Meta Ads,66.48
ORD-11313,USR-2096,2026-02-02,Organic Search,50.0
ORD-11314,USR-1325,2026-01-17,Organic Search,98.37
ORD-11315,USR-1920,2026-04-11,Google Ads,26.22
ORD-11316,USR-1858,2026-03-29,Direct,96.73
ORD-11317,USR-2030,2026-05-07,Meta Ads,48.93
ORD-11318,USR-1523,2026-01-16,Google Ads,46.34
ORD-11319,USR-1227,2026-01-21,Direct,44.2
ORD-11320,USR-2306,2026-02-01,Meta Ads,94.75
ORD-11321,USR-1436,2026-03-07,Meta Ads,17.22
ORD-11322,USR-1102,2026-01-03,Google Ads,50.57
ORD-11323,USR-1812,2026-01-01,Direct,92.91
ORD-11324,USR-1505,2026-01-26,Organic Search,106.81
ORD-11325,USR-2338,2026-02-15,Organic Search,110.12
ORD-11326,USR-1231,2026-04-16,Meta Ads,39.61
ORD-11327,USR-1501,2026-01-24,Direct,92.15
ORD-11328,USR-2060,2026-02-01,Meta Ads,88.75
ORD-11329,USR-2205,2026-03-05,Meta Ads,85.57
ORD-11330,USR-1866,2026-06-07,Meta Ads,55.26
ORD-11331,USR-1998,2026-01-11,Organic Search,68.52
ORD-11332,USR-1414,2026-03-28,Meta Ads,85.03
ORD-11333,USR-2387,2026-06-14,TikTok Ads,16.89
ORD-11334,USR-1213,2026-01-15,TikTok Ads,112.99
ORD-11335,USR-1882,2026-01-23,Organic Search,63.97
ORD-11336,USR-2162,2026-05-03,TikTok Ads,97.23
ORD-11337,USR-1904,2026-02-19,Meta Ads,114.35
ORD-11338,USR-1934,2026-04-18,Google Ads,21.61
ORD-11339,USR-1020,2026-06-05,TikTok Ads,93.29
ORD-11340,USR-2109,2026-01-15,Meta Ads,66.82
ORD-11341,USR-1817,2026-04-26,Meta Ads,91.64
ORD-11342,USR-1845,2026-03-10,Meta Ads,62.26
ORD-11343,USR-1100,2026-05-01,Direct,83.2
ORD-11344,USR-1242,2026-05-26,Meta Ads,44.33
ORD-11345,USR-1225,2026-03-22,Organic Search,107.98
ORD-11346,USR-2035,2026-03-08,Organic Search,35.76
ORD-11347,USR-1924,2026-01-02,TikTok Ads,37.06
ORD-11348,USR-1653,2026-05-15,Meta Ads,17.31
ORD-11349,USR-1370,2026-06-09,TikTok Ads,24.43
ORD-11350,USR-1228,2026-01-27,Meta Ads,25.6
ORD-11351,USR-2070,2026-04-12,TikTok Ads,15.23
ORD-11352,USR-1555,2026-01-24,Meta Ads,24.83
ORD-11353,USR-1379,2026-04-17,Meta Ads,15.13
ORD-11354,USR-1745,2026-06-11,Google Ads,24.49
ORD-11355,USR-1378,2026-04-03,Direct,50.41
ORD-11356,USR-1117,2026-01-24,TikTok Ads,27.95
ORD-11357,USR-1260,2026-05-12,Google Ads,26.01
ORD-11358,USR-2126,2026-04-08,Meta Ads,74.4
ORD-11359,USR-1737,2026-01-26,Meta Ads,52.97
ORD-11360,USR-2213,2026-06-17,Meta Ads,54.82
ORD-11361,USR-2387,2026-02-22,Meta Ads,55.98
ORD-11362,USR-2220,2026-01-07,Google Ads,73.18
ORD-11363,USR-2263,2026-04-21,Google Ads,52.19
ORD-11364,USR-1774,2026-04-14,Organic Search,84.91
ORD-11365,USR-1402,2026-04-20,Meta Ads,92.75
ORD-11366,USR-2064,2026-02-17,Google Ads,32.51
ORD-11367,USR-1792,2026-01-25,TikTok Ads,63.7
ORD-11368,USR-2097,2026-04-29,Meta Ads,57.03
ORD-11369,USR-1212,2026-05-27,TikTok Ads,85.68
ORD-11370,USR-1338,2026-06-10,Organic Search,104.41
ORD-11371,USR-2489,2026-01-03,Meta Ads,103.47
ORD-11372,USR-1762,2026-01-02,Meta Ads,46.82
ORD-11373,USR-1712,2026-05-03,Google Ads,84.76
ORD-11374,USR-1737,2026-04-03,Google Ads,115.97
ORD-11375,USR-1622,2026-04-11,TikTok Ads,104.19
ORD-11376,USR-1154,2026-05-07,Organic Search,21.56
ORD-11377,USR-1708,2026-02-02,Google Ads,25.76
ORD-11378,USR-1136,2026-01-08,Direct,29.99
ORD-11379,USR-2486,2026-06-12,Direct,48.57
ORD-11380,USR-2346,2026-03-25,TikTok Ads,51.77
ORD-11381,USR-2325,2026-06-23,TikTok Ads,16.86
ORD-11382,USR-1234,2026-06-25,Google Ads,81.27
ORD-11383,USR-1821,2026-02-15,Google Ads,67.91
ORD-11384,USR-2102,2026-04-02,Google Ads,99.92
ORD-11385,USR-1307,2026-01-17,Organic Search,91.48
ORD-11386,USR-2136,2026-01-09,Meta Ads,90.97
ORD-11387,USR-2220,2026-05-29,Meta Ads,18.08
ORD-11388,USR-1064,2026-04-25,Google Ads,23.06
ORD-11389,USR-1968,2026-02-15,Google Ads,114.83
ORD-11390,USR-1920,2026-05-19,Google Ads,39.94
ORD-11391,USR-1163,2026-01-11,Google Ads,68.41
ORD-11392,USR-1055,2026-02-25,Meta Ads,95.06
ORD-11393,USR-1802,2026-01-30,TikTok Ads,82.75
ORD-11394,USR-1854,2026-06-08,TikTok Ads,58.86
ORD-11395,USR-1842,2026-03-21,Organic Search,88.28
ORD-11396,USR-2018,2026-02-27,TikTok Ads,33.41
ORD-11397,USR-1566,2026-01-07,Meta Ads,96.47
ORD-11398,USR-1231,2026-03-03,Direct,115.28
ORD-11399,USR-1438,2026-04-08,Direct,36.95
ORD-11400,USR-1656,2026-03-30,Google Ads,71.87
ORD-11401,USR-1283,2026-06-08,Google Ads,99.08
ORD-11402,USR-1462,2026-05-23,Meta Ads,21.31
ORD-11403,USR-2046,2026-06-19,TikTok Ads,113.23
ORD-11404,USR-1664,2026-04-22,TikTok Ads,19.14
ORD-11405,USR-1239,2026-03-26,Google Ads,20.64
ORD-11406,USR-1667,2026-02-23,TikTok Ads,87.47
ORD-11407,USR-1838,2026-04-25,Meta Ads,80.99
ORD-11408,USR-2142,2026-03-08,Direct,74.32
ORD-11409,USR-2075,2026-05-06,TikTok Ads,93.77
ORD-11410,USR-2261,2026-03-22,Direct,67.31
ORD-11411,USR-2385,2026-05-16,Google Ads,61.24
ORD-11412,USR-2137,2026-03-05,Organic Search,106.7
ORD-11413,USR-1375,2026-05-25,TikTok Ads,49.55
ORD-11414,USR-1860,2026-06-15,Google Ads,113.77
ORD-11415,USR-2467,2026-03-31,Meta Ads,104.94
ORD-11416,USR-1687,2026-05-25,Meta Ads,55.48
ORD-11417,USR-1974,2026-03-30,TikTok Ads,68.04
ORD-11418,USR-1115,2026-05-02,Organic Search,21.11
ORD-11419,USR-2415,2026-03-03,TikTok Ads,97.36
ORD-11420,USR-2109,2026-05-06,Google Ads,92.15
ORD-11421,USR-1843,2026-05-18,Organic Search,22.93
ORD-11422,USR-1132,2026-03-11,Google Ads,54.76
ORD-11423,USR-1975,2026-02-27,Meta Ads,89.33
ORD-11424,USR-2402,2026-01-22,Meta Ads,83.97
ORD-11425,USR-1689,2026-03-19,Google Ads,119.94
ORD-11426,USR-2077,2026-04-28,Google Ads,78.41
ORD-11427,USR-1317,2026-05-02,Google Ads,67.41
ORD-11428,USR-1700,2026-02-25,Meta Ads,57.6
ORD-11429,USR-2136,2026-06-15,TikTok Ads,42.85
ORD-11430,USR-1826,2026-04-18,Organic Search,43.14
ORD-11431,USR-1044,2026-03-25,TikTok Ads,71.5
ORD-11432,USR-1227,2026-03-03,Direct,91.26
ORD-11433,USR-1869,2026-06-09,Organic Search,98.63
ORD-11434,USR-1356,2026-06-24,Direct,80.31
ORD-11435,USR-2236,2026-04-14,Google Ads,91.39
ORD-11436,USR-1498,2026-03-08,Google Ads,57.61
ORD-11437,USR-2223,2026-02-16,Meta Ads,43.19
ORD-11438,USR-2318,2026-06-29,Google Ads,32.19
ORD-11439,USR-2161,2026-04-23,TikTok Ads,89.13
ORD-11440,USR-1788,2026-02-24,Meta Ads,28.72
ORD-11441,USR-1638,2026-01-24,Google Ads,70.05
ORD-11442,USR-1224,2026-04-03,Meta Ads,118.26
ORD-11443,USR-2035,2026-01-24,Meta Ads,84.13
ORD-11444,USR-1228,2026-05-21,Organic Search,20.49
ORD-11445,USR-2313,2026-03-21,Organic Search,98.9
ORD-11446,USR-1908,2026-06-08,Organic Search,93.46
ORD-11447,USR-1074,2026-04-13,Direct,92.41
ORD-11448,USR-2020,2026-03-16,Google Ads,34.63
ORD-11449,USR-2428,2026-03-18,Organic Search,17.61
ORD-11450,USR-2100,2026-01-19,Meta Ads,105.13
ORD-11451,USR-1983,2026-02-10,Organic Search,49.24
ORD-11452,USR-1614,2026-01-26,Meta Ads,106.14
ORD-11453,USR-1358,2026-04-17,Organic Search,90.03
ORD-11454,USR-1164,2026-03-09,Meta Ads,50.32
ORD-11455,USR-2176,2026-01-30,Google Ads,88.12
ORD-11456,USR-2033,2026-04-25,Meta Ads,61.42
ORD-11457,USR-2075,2026-03-18,Google Ads,42.16
ORD-11458,USR-2462,2026-01-31,Google Ads,15.17
ORD-11459,USR-1820,2026-06-13,Direct,77.33
ORD-11460,USR-2029,2026-06-02,Google Ads,88.19
ORD-11461,USR-1600,2026-04-28,Google Ads,93.49
ORD-11462,USR-1269,2026-06-16,Meta Ads,32.79
ORD-11463,USR-2167,2026-03-22,Meta Ads,101.69
ORD-11464,USR-1519,2026-04-30,Meta Ads,74.74
ORD-11465,USR-2102,2026-01-19,Direct,106.75
ORD-11466,USR-2114,2026-05-30,Google Ads,90.5
ORD-11467,USR-1410,2026-05-13,Meta Ads,52.41
ORD-11468,USR-1750,2026-03-19,Meta Ads,79.71
ORD-11469,USR-1702,2026-04-23,TikTok Ads,27.34
ORD-11470,USR-1938,2026-06-05,TikTok Ads,76.07
ORD-11471,USR-1447,2026-06-26,Google Ads,99.75
ORD-11472,USR-2353,2026-05-01,Google Ads,28.55
ORD-11473,USR-1554,2026-04-10,Direct,35.51
ORD-11474,USR-1748,2026-06-04,TikTok Ads,20.99
ORD-11475,USR-2045,2026-03-06,Meta Ads,84.59
ORD-11476,USR-1857,2026-06-02,Google Ads,36.09
ORD-11477,USR-1965,2026-06-25,Google Ads,65.93
ORD-11478,USR-1301,2026-04-16,TikTok Ads,33.03
ORD-11479,USR-2193,2026-06-15,TikTok Ads,93.05
ORD-11480,USR-2164,2026-05-19,Organic Search,70.09
ORD-11481,USR-1712,2026-02-27,Meta Ads,110.22
ORD-11482,USR-1699,2026-02-24,Meta Ads,86.16
ORD-11483,USR-1414,2026-01-15,TikTok Ads,88.23
ORD-11484,USR-1627,2026-02-25,Meta Ads,91.06
ORD-11485,USR-2009,2026-06-15,TikTok Ads,24.32
ORD-11486,USR-1599,2026-05-26,Google Ads,60.04
ORD-11487,USR-1838,2026-03-25,Google Ads,48.66
ORD-11488,USR-2088,2026-02-11,TikTok Ads,75.09
ORD-11489,USR-2236,2026-01-01,Organic Search,93.38
ORD-11490,USR-1395,2026-05-29,TikTok Ads,93.17
ORD-11491,USR-2405,2026-03-23,TikTok Ads,51.29
ORD-11492,USR-1023,2026-01-14,Organic Search,102.22
ORD-11493,USR-1663,2026-02-24,Organic Search,106.82
ORD-11494,USR-1320,2026-03-21,Meta Ads,39.48
ORD-11495,USR-2188,2026-06-28,Meta Ads,70.61
ORD-11496,USR-2308,2026-02-23,Google Ads,72.07
ORD-11497,USR-1909,2026-05-18,TikTok Ads,58.6
ORD-11498,USR-1799,2026-02-11,Organic Search,65.64
ORD-11499,USR-1055,2026-01-26,TikTok Ads,79.05
ORD-11500,USR-1669,2026-04-16,Meta Ads,17.61
ORD-11501,USR-1801,2026-02-21,Meta Ads,104.38
ORD-11502,USR-1978,2026-05-09,Direct,84.45
ORD-11503,USR-1904,2026-06-17,Meta Ads,39.37
ORD-11504,USR-1873,2026-05-30,Meta Ads,104.99
ORD-11505,USR-1637,2026-05-14,Meta Ads,40.58
ORD-11506,USR-1486,2026-01-16,TikTok Ads,101.9
ORD-11507,USR-1191,2026-06-14,Meta Ads,24.41
ORD-11508,USR-1380,2026-03-03,Meta Ads,115.96
ORD-11509,USR-1699,2026-01-30,Google Ads,38.48
ORD-11510,USR-1036,2026-06-01,Meta Ads,74.13
ORD-11511,USR-1764,2026-03-30,Meta Ads,40.0
ORD-11512,USR-2490,2026-06-25,Meta Ads,97.95
ORD-11513,USR-1393,2026-02-04,Organic Search,119.43
ORD-11514,USR-1440,2026-03-26,Google Ads,91.12
ORD-11515,USR-2238,2026-05-30,Google Ads,24.08
ORD-11516,USR-1986,2026-05-31,Direct,102.87
ORD-11517,USR-2032,2026-04-29,Organic Search,45.12
ORD-11518,USR-1699,2026-02-18,Google Ads,32.23
ORD-11519,USR-2085,2026-01-31,Direct,110.1
ORD-11520,USR-1756,2026-01-14,Google Ads,107.54
ORD-11521,USR-2051,2026-06-03,Meta Ads,99.7
ORD-11522,USR-1425,2026-02-20,Meta Ads,16.58
ORD-11523,USR-2129,2026-05-07,Direct,29.52
ORD-11524,USR-2088,2026-01-01,Google Ads,77.88
ORD-11525,USR-2366,2026-03-02,Google Ads,113.57
ORD-11526,USR-1544,2026-05-04,Organic Search,72.81
ORD-11527,USR-2088,2026-03-02,Meta Ads,26.19
ORD-11528,USR-1539,2026-05-13,Google Ads,115.97
ORD-11529,USR-2392,2026-04-19,Meta Ads,25.36
ORD-11530,USR-1991,2026-05-22,Meta Ads,63.76
ORD-11531,USR-1456,2026-05-03,TikTok Ads,59.76
ORD-11532,USR-1708,2026-05-29,Google Ads,25.48
ORD-11533,USR-1559,2026-05-25,TikTok Ads,65.1
ORD-11534,USR-1355,2026-02-06,Meta Ads,112.91
ORD-11535,USR-1981,2026-01-25,Google Ads,65.63
ORD-11536,USR-1861,2026-02-03,Direct,93.51
ORD-11537,USR-2129,2026-05-10,Meta Ads,28.07
ORD-11538,USR-1431,2026-01-01,Google Ads,104.56
ORD-11539,USR-1519,2026-01-15,Google Ads,113.19
ORD-11540,USR-2189,2026-03-10,Meta Ads,80.01
ORD-11541,USR-1788,2026-04-27,Meta Ads,77.09
ORD-11542,USR-2177,2026-06-27,Meta Ads,69.02
ORD-11543,USR-1758,2026-04-20,Meta Ads,62.13
ORD-11544,USR-1601,2026-03-11,Meta Ads,60.35
ORD-11545,USR-1508,2026-04-13,Organic Search,78.26
ORD-11546,USR-2437,2026-03-11,Meta Ads,119.17
ORD-11547,USR-1665,2026-03-16,TikTok Ads,38.75
ORD-11548,USR-2449,2026-03-30,Direct,70.9
ORD-11549,USR-1728,2026-01-23,TikTok Ads,33.86
ORD-11550,USR-2442,2026-05-24,Meta Ads,59.89
ORD-11551,USR-1693,2026-01-31,TikTok Ads,49.5
ORD-11552,USR-2253,2026-02-28,Google Ads,35.07
ORD-11553,USR-1420,2026-06-17,TikTok Ads,95.56
ORD-11554,USR-1381,2026-03-15,Meta Ads,114.04
ORD-11555,USR-1395,2026-03-16,Direct,52.61
ORD-11556,USR-2276,2026-06-12,Google Ads,68.62
ORD-11557,USR-1238,2026-01-29,Direct,94.37
ORD-11558,USR-2127,2026-06-26,Organic Search,15.38
ORD-11559,USR-2304,2026-05-08,Google Ads,39.12
ORD-11560,USR-2159,2026-01-19,Organic Search,82.55
ORD-11561,USR-1912,2026-03-27,Meta Ads,99.12
ORD-11562,USR-1916,2026-01-09,Google Ads,22.32
ORD-11563,USR-2076,2026-05-19,Direct,45.65
ORD-11564,USR-1683,2026-06-29,Google Ads,79.61
ORD-11565,USR-1559,2026-02-16,Organic Search,20.09
ORD-11566,USR-1835,2026-06-29,Google Ads,72.69
ORD-11567,USR-2099,2026-05-05,Google Ads,44.59
ORD-11568,USR-1105,2026-02-17,TikTok Ads,24.82
ORD-11569,USR-1880,2026-02-27,Meta Ads,64.89
ORD-11570,USR-2405,2026-01-28,TikTok Ads,47.55
ORD-11571,USR-1141,2026-02-27,Google Ads,85.67
ORD-11572,USR-1544,2026-03-25,Meta Ads,95.15
ORD-11573,USR-1957,2026-06-07,Meta Ads,107.66
ORD-11574,USR-1720,2026-04-22,TikTok Ads,64.75
ORD-11575,USR-2291,2026-01-08,Meta Ads,108.19
ORD-11576,USR-2012,2026-03-19,Google Ads,45.75
ORD-11577,USR-2312,2026-02-18,Google Ads,116.74
ORD-11578,USR-2278,2026-03-17,TikTok Ads,59.29
ORD-11579,USR-1829,2026-01-23,Organic Search,58.5
ORD-11580,USR-1557,2026-01-15,Meta Ads,75.59
ORD-11581,USR-2269,2026-06-23,Google Ads,45.71
ORD-11582,USR-1984,2026-06-06,TikTok Ads,52.13
ORD-11583,USR-2089,2026-03-29,Meta Ads,68.41
ORD-11584,USR-1557,2026-02-02,Direct,49.2
ORD-11585,USR-2078,2026-02-26,Meta Ads,19.23
ORD-11586,USR-2199,2026-01-08,Meta Ads,104.73
ORD-11587,USR-1661,2026-03-02,Meta Ads,87.86
ORD-11588,USR-1494,2026-02-23,Direct,85.04
ORD-11589,USR-1622,2026-03-08,TikTok Ads,39.82
ORD-11590,USR-1132,2026-02-26,Meta Ads,95.51
ORD-11591,USR-1270,2026-02-26,Google Ads,71.02
ORD-11592,USR-2181,2026-04-11,Meta Ads,36.86
ORD-11593,USR-1040,2026-05-11,Meta Ads,44.37
ORD-11594,USR-1762,2026-05-10,TikTok Ads,105.89
ORD-11595,USR-1922,2026-01-09,Organic Search,52.42
ORD-11596,USR-2425,2026-02-21,Meta Ads,115.76
ORD-11597,USR-1620,2026-05-17,TikTok Ads,23.01
ORD-11598,USR-1416,2026-02-13,Direct,15.31
ORD-11599,USR-2379,2026-05-08,Organic Search,76.51
ORD-11600,USR-1401,2026-04-19,Google Ads,119.66
ORD-11601,USR-1267,2026-03-04,TikTok Ads,77.04
ORD-11602,USR-1125,2026-01-11,TikTok Ads,112.94
ORD-11603,USR-2375,2026-03-30,TikTok Ads,17.14
ORD-11604,USR-1442,2026-01-01,Meta Ads,107.22
ORD-11605,USR-1146,2026-05-13,Meta Ads,65.8
ORD-11606,USR-1143,2026-04-28,Google Ads,99.28
ORD-11607,USR-2369,2026-01-14,Google Ads,110.64
ORD-11608,USR-1942,2026-05-24,Meta Ads,86.09
ORD-11609,USR-1622,2026-01-14,TikTok Ads,78.1
ORD-11610,USR-2306,2026-03-24,Google Ads,112.07
ORD-11611,USR-1579,2026-03-13,Google Ads,117.16
ORD-11612,USR-2344,2026-04-27,Google Ads,21.12
ORD-11613,USR-1345,2026-03-04,TikTok Ads,92.52
ORD-11614,USR-1780,2026-06-09,Google Ads,65.84
ORD-11615,USR-1599,2026-05-04,Meta Ads,70.04
ORD-11616,USR-1410,2026-01-15,Meta Ads,24.55
ORD-11617,USR-1576,2026-02-21,TikTok Ads,28.35
ORD-11618,USR-2252,2026-06-21,Meta Ads,102.74
ORD-11619,USR-2127,2026-06-24,Meta Ads,48.76
ORD-11620,USR-2077,2026-06-21,Direct,42.48
ORD-11621,USR-1104,2026-01-31,Google Ads,40.7
ORD-11622,USR-1548,2026-02-08,TikTok Ads,111.42
ORD-11623,USR-1100,2026-02-12,Meta Ads,110.35
ORD-11624,USR-1873,2026-03-09,Meta Ads,88.61
ORD-11625,USR-1316,2026-01-23,Organic Search,66.65
ORD-11626,USR-1217,2026-06-01,Google Ads,65.61
ORD-11627,USR-1568,2026-01-16,Meta Ads,49.07
ORD-11628,USR-1753,2026-04-17,TikTok Ads,63.39
ORD-11629,USR-2311,2026-03-11,Google Ads,15.53
ORD-11630,USR-1904,2026-02-26,Meta Ads,28.26
ORD-11631,USR-1788,2026-05-11,TikTok Ads,96.34
ORD-11632,USR-2186,2026-06-29,Meta Ads,80.74
ORD-11633,USR-1364,2026-04-06,Meta Ads,23.1
ORD-11634,USR-2248,2026-02-01,TikTok Ads,40.12
ORD-11635,USR-1590,2026-04-28,Organic Search,101.39
ORD-11636,USR-1389,2026-04-17,Meta Ads,48.02
ORD-11637,USR-1933,2026-04-11,TikTok Ads,58.15
ORD-11638,USR-2096,2026-04-02,Google Ads,79.16
ORD-11639,USR-1859,2026-02-22,Organic Search,43.97
ORD-11640,USR-2074,2026-01-13,Organic Search,54.73
ORD-11641,USR-1537,2026-05-02,Meta Ads,116.0
ORD-11642,USR-1355,2026-04-30,Google Ads,67.65
ORD-11643,USR-2004,2026-01-17,Direct,96.91
ORD-11644,USR-2432,2026-04-03,Google Ads,111.83
ORD-11645,USR-2112,2026-04-21,Meta Ads,67.7
ORD-11646,USR-1538,2026-01-26,Organic Search,66.07
ORD-11647,USR-1870,2026-01-01,Meta Ads,108.09
ORD-11648,USR-1270,2026-02-10,Meta Ads,112.91
ORD-11649,USR-1985,2026-04-24,TikTok Ads,106.87
ORD-11650,USR-2192,2026-04-12,Meta Ads,45.8
ORD-11651,USR-2222,2026-01-05,Meta Ads,94.83
ORD-11652,USR-2495,2026-06-29,TikTok Ads,109.77
ORD-11653,USR-1295,2026-01-23,Meta Ads,104.7
ORD-11654,USR-1202,2026-06-18,TikTok Ads,26.28
ORD-11655,USR-1986,2026-01-17,Direct,72.61
ORD-11656,USR-1906,2026-03-20,Meta Ads,71.78
ORD-11657,USR-2244,2026-03-31,Organic Search,105.23
ORD-11658,USR-1273,2026-01-04,Google Ads,73.97
ORD-11659,USR-1123,2026-06-10,Google Ads,44.89
ORD-11660,USR-1898,2026-01-31,Google Ads,88.07
ORD-11661,USR-1910,2026-01-14,TikTok Ads,116.65
ORD-11662,USR-2379,2026-03-05,Meta Ads,70.85
ORD-11663,USR-1733,2026-06-04,Organic Search,85.2
ORD-11664,USR-1515,2026-01-26,Meta Ads,104.61
ORD-11665,USR-1394,2026-01-01,Organic Search,48.67
ORD-11666,USR-1622,2026-03-03,Meta Ads,118.22
ORD-11667,USR-1138,2026-01-21,Google Ads,49.21
ORD-11668,USR-1204,2026-05-09,TikTok Ads,49.31
ORD-11669,USR-1858,2026-01-31,Meta Ads,55.55
ORD-11670,USR-1324,2026-05-08,Google Ads,28.25
ORD-11671,USR-1966,2026-02-01,TikTok Ads,18.12
ORD-11672,USR-1059,2026-03-22,Meta Ads,95.18
ORD-11673,USR-1037,2026-03-06,TikTok Ads,20.3
ORD-11674,USR-1356,2026-02-28,Organic Search,36.82
ORD-11675,USR-2071,2026-06-07,Organic Search,44.77
ORD-11676,USR-1267,2026-06-24,Google Ads,90.85
ORD-11677,USR-1792,2026-05-14,Meta Ads,82.49
ORD-11678,USR-1315,2026-05-11,Meta Ads,51.65
ORD-11679,USR-2168,2026-06-27,TikTok Ads,60.18
ORD-11680,USR-1843,2026-06-13,Google Ads,22.56
ORD-11681,USR-1056,2026-06-27,Organic Search,65.4
ORD-11682,USR-2193,2026-06-27,Meta Ads,70.29
ORD-11683,USR-2171,2026-03-21,Meta Ads,21.97
ORD-11684,USR-2103,2026-05-05,Direct,83.77
ORD-11685,USR-1712,2026-03-06,Meta Ads,40.83
ORD-11686,USR-2499,2026-05-25,TikTok Ads,88.8
ORD-11687,USR-1213,2026-04-04,Organic Search,37.53
ORD-11688,USR-1813,2026-01-31,Meta Ads,75.5
ORD-11689,USR-1236,2026-06-09,Organic Search,20.91
ORD-11690,USR-2481,2026-03-02,Google Ads,97.28
ORD-11691,USR-1472,2026-01-04,Meta Ads,71.03
ORD-11692,USR-1382,2026-04-22,Google Ads,59.61
ORD-11693,USR-2429,2026-03-16,Meta Ads,85.93
ORD-11694,USR-1813,2026-04-22,Direct,19.43
ORD-11695,USR-1921,2026-05-12,Meta Ads,22.98
ORD-11696,USR-1684,2026-05-27,Direct,90.26
ORD-11697,USR-1503,2026-04-29,Organic Search,43.31
ORD-11698,USR-2444,2026-06-21,Google Ads,35.43
ORD-11699,USR-1460,2026-06-17,Google Ads,69.04
ORD-11700,USR-1363,2026-05-24,TikTok Ads,46.3
ORD-11701,USR-1336,2026-05-06,TikTok Ads,23.26
ORD-11702,USR-2298,2026-06-07,Google Ads,86.76
ORD-11703,USR-1572,2026-02-23,Meta Ads,73.92
ORD-11704,USR-2485,2026-06-27,TikTok Ads,117.47
ORD-11705,USR-1390,2026-06-10,Meta Ads,83.24
ORD-11706,USR-1046,2026-06-25,Organic Search,73.8
ORD-11707,USR-1122,2026-04-17,Organic Search,16.93
ORD-11708,USR-1848,2026-04-17,Meta Ads,87.51
ORD-11709,USR-1765,2026-01-23,Google Ads,53.18
ORD-11710,USR-1825,2026-02-28,TikTok Ads,49.94
ORD-11711,USR-2113,2026-02-26,Google Ads,60.55
ORD-11712,USR-1532,2026-02-14,Meta Ads,47.01
ORD-11713,USR-2090,2026-02-21,Google Ads,34.09
ORD-11714,USR-1831,2026-02-13,Meta Ads,35.6
ORD-11715,USR-1027,2026-03-10,Meta Ads,58.66
ORD-11716,USR-1590,2026-02-20,Google Ads,25.57
ORD-11717,USR-1183,2026-03-15,TikTok Ads,88.81
ORD-11718,USR-1500,2026-05-09,Google Ads,60.32
ORD-11719,USR-2090,2026-02-28,Meta Ads,37.12
ORD-11720,USR-2123,2026-01-29,Meta Ads,28.38
ORD-11721,USR-1240,2026-05-02,TikTok Ads,29.09
ORD-11722,USR-1386,2026-06-10,Meta Ads,103.45
ORD-11723,USR-2252,2026-05-31,Meta Ads,27.21
ORD-11724,USR-2250,2026-01-26,Google Ads,86.08
ORD-11725,USR-1450,2026-01-11,Organic Search,57.49
ORD-11726,USR-1789,2026-03-02,Meta Ads,53.56
ORD-11727,USR-1143,2026-05-03,Google Ads,73.53
ORD-11728,USR-1869,2026-05-20,TikTok Ads,88.31
ORD-11729,USR-1079,2026-06-10,Organic Search,17.1
ORD-11730,USR-1716,2026-04-22,Google Ads,104.66
ORD-11731,USR-1588,2026-03-15,Google Ads,61.91
ORD-11732,USR-2456,2026-04-24,Meta Ads,61.14
ORD-11733,USR-1736,2026-03-28,TikTok Ads,107.16
ORD-11734,USR-1572,2026-03-10,Direct,99.79
ORD-11735,USR-1492,2026-06-01,Organic Search,50.37
ORD-11736,USR-1311,2026-01-30,Meta Ads,78.38
ORD-11737,USR-1455,2026-04-07,Organic Search,57.51
ORD-11738,USR-1928,2026-05-12,Organic Search,44.01
ORD-11739,USR-1896,2026-02-07,Google Ads,58.57
ORD-11740,USR-2184,2026-02-23,Organic Search,112.7
ORD-11741,USR-2271,2026-01-20,Meta Ads,26.85
ORD-11742,USR-1798,2026-03-28,Google Ads,44.95
ORD-11743,USR-1840,2026-01-12,TikTok Ads,20.92
ORD-11744,USR-1105,2026-04-25,TikTok Ads,73.84
ORD-11745,USR-2249,2026-03-19,TikTok Ads,76.46
ORD-11746,USR-1897,2026-06-01,Organic Search,42.24
ORD-11747,USR-1814,2026-05-07,Google Ads,30.61
ORD-11748,USR-1084,2026-06-10,Organic Search,97.85
ORD-11749,USR-1472,2026-03-13,Google Ads,106.86
ORD-11750,USR-1489,2026-01-19,Google Ads,115.94
ORD-11751,USR-1485,2026-01-17,TikTok Ads,113.89
ORD-11752,USR-1306,2026-03-25,TikTok Ads,75.13
ORD-11753,USR-1420,2026-01-08,Google Ads,62.21
ORD-11754,USR-1853,2026-06-04,Google Ads,75.23
ORD-11755,USR-1582,2026-04-20,TikTok Ads,90.66
ORD-11756,USR-1343,2026-05-05,Organic Search,102.39
ORD-11757,USR-1341,2026-02-26,Organic Search,24.88
ORD-11758,USR-1544,2026-04-26,Google Ads,93.36
ORD-11759,USR-1474,2026-03-05,Meta Ads,112.92
ORD-11760,USR-2459,2026-06-20,Organic Search,92.1
ORD-11761,USR-2288,2026-01-19,Google Ads,85.98
ORD-11762,USR-2031,2026-01-27,Google Ads,38.32
ORD-11763,USR-1203,2026-05-05,Google Ads,35.16
ORD-11764,USR-1688,2026-01-05,TikTok Ads,27.34
ORD-11765,USR-2159,2026-03-24,Organic Search,16.24
ORD-11766,USR-1679,2026-01-25,TikTok Ads,33.48
ORD-11767,USR-1622,2026-06-27,Google Ads,48.62
ORD-11768,USR-1494,2026-01-16,TikTok Ads,50.33
ORD-11769,USR-1436,2026-05-15,TikTok Ads,33.78
ORD-11770,USR-1819,2026-03-30,Organic Search,82.05
ORD-11771,USR-1344,2026-03-17,TikTok Ads,34.9
ORD-11772,USR-1032,2026-01-05,Meta Ads,68.91
ORD-11773,USR-1392,2026-02-19,Google Ads,61.25
ORD-11774,USR-2196,2026-06-27,Meta Ads,78.34
ORD-11775,USR-1834,2026-02-15,Direct,19.6
ORD-11776,USR-1956,2026-04-04,Meta Ads,20.91
ORD-11777,USR-1552,2026-02-23,Organic Search,61.02
ORD-11778,USR-1597,2026-05-08,Meta Ads,87.36
ORD-11779,USR-2224,2026-04-28,Meta Ads,86.97
ORD-11780,USR-1122,2026-04-30,Meta Ads,22.69
ORD-11781,USR-2488,2026-03-18,Organic Search,34.93
ORD-11782,USR-2148,2026-04-27,TikTok Ads,31.42
ORD-11783,USR-1068,2026-01-07,TikTok Ads,67.54
ORD-11784,USR-2231,2026-03-14,TikTok Ads,91.28
ORD-11785,USR-2230,2026-01-10,Organic Search,95.31
ORD-11786,USR-1621,2026-02-01,Google Ads,117.3
ORD-11787,USR-1414,2026-04-30,Google Ads,69.89
ORD-11788,USR-1982,2026-01-05,Meta Ads,112.6
ORD-11789,USR-1162,2026-03-08,Google Ads,73.33
ORD-11790,USR-1849,2026-04-03,Google Ads,93.46
ORD-11791,USR-2472,2026-03-01,Meta Ads,74.8
ORD-11792,USR-1258,2026-05-01,Meta Ads,77.26
ORD-11793,USR-1746,2026-05-23,Meta Ads,58.52
ORD-11794,USR-1480,2026-03-31,Organic Search,44.11
ORD-11795,USR-1781,2026-06-10,Meta Ads,87.96
ORD-11796,USR-1899,2026-03-24,Google Ads,65.35
ORD-11797,USR-2076,2026-04-05,Organic Search,49.3
ORD-11798,USR-1623,2026-03-01,Meta Ads,20.81
ORD-11799,USR-2241,2026-01-23,Meta Ads,29.92
ORD-11800,USR-2147,2026-03-18,Meta Ads,112.74
ORD-11801,USR-1988,2026-02-09,Meta Ads,112.48
ORD-11802,USR-1586,2026-02-07,Meta Ads,89.29
ORD-11803,USR-1775,2026-06-28,Google Ads,33.86
ORD-11804,USR-1897,2026-03-16,Meta Ads,24.2
ORD-11805,USR-1601,2026-03-11,Google Ads,36.91
ORD-11806,USR-1023,2026-01-28,Google Ads,78.39
ORD-11807,USR-1178,2026-02-25,TikTok Ads,63.66
ORD-11808,USR-1883,2026-06-18,Google Ads,92.87
ORD-11809,USR-1419,2026-03-07,Direct,31.62
ORD-11810,USR-2278,2026-05-17,Organic Search,59.66
ORD-11811,USR-1173,2026-06-10,Google Ads,42.51
ORD-11812,USR-1627,2026-01-18,Organic Search,16.53
ORD-11813,USR-1810,2026-06-25,Meta Ads,89.9
ORD-11814,USR-1433,2026-02-26,Direct,44.67
ORD-11815,USR-1302,2026-02-24,Organic Search,50.57
ORD-11816,USR-1796,2026-01-29,Organic Search,49.07
ORD-11817,USR-1466,2026-06-12,Meta Ads,81.21
ORD-11818,USR-2164,2026-06-23,Organic Search,112.93
ORD-11819,USR-1683,2026-03-13,Meta Ads,16.37
ORD-11820,USR-2234,2026-02-09,Meta Ads,104.51
ORD-11821,USR-1768,2026-05-21,Meta Ads,56.16
ORD-11822,USR-1259,2026-05-05,Meta Ads,78.38
ORD-11823,USR-1738,2026-04-01,TikTok Ads,30.42
ORD-11824,USR-1480,2026-02-26,Meta Ads,18.97
ORD-11825,USR-1745,2026-01-24,Google Ads,48.1
ORD-11826,USR-2371,2026-03-17,Google Ads,104.73
ORD-11827,USR-1921,2026-02-13,Organic Search,38.42
ORD-11828,USR-1224,2026-04-25,Meta Ads,63.25
ORD-11829,USR-1897,2026-01-31,Google Ads,113.76
ORD-11830,USR-1529,2026-04-17,TikTok Ads,55.02
ORD-11831,USR-1565,2026-06-16,TikTok Ads,62.42
ORD-11832,USR-1266,2026-04-04,Direct,50.27
ORD-11833,USR-2455,2026-05-01,Google Ads,36.05
ORD-11834,USR-1501,2026-04-24,Organic Search,107.04
ORD-11835,USR-1740,2026-06-24,Google Ads,110.11
ORD-11836,USR-2341,2026-03-05,Google Ads,39.84
ORD-11837,USR-1897,2026-01-13,Meta Ads,86.42
ORD-11838,USR-2167,2026-05-08,Meta Ads,18.5
ORD-11839,USR-1989,2026-02-14,Meta Ads,82.8
ORD-11840,USR-2319,2026-05-15,TikTok Ads,68.79
ORD-11841,USR-2391,2026-06-14,Google Ads,57.83
ORD-11842,USR-1502,2026-04-15,Organic Search,20.81
ORD-11843,USR-1427,2026-03-21,Meta Ads,57.24
ORD-11844,USR-1881,2026-02-01,Meta Ads,51.31
ORD-11845,USR-1625,2026-05-07,Meta Ads,103.12
ORD-11846,USR-2026,2026-05-15,Direct,79.14
ORD-11847,USR-1367,2026-04-20,Meta Ads,55.64
ORD-11848,USR-1901,2026-01-04,Google Ads,20.68
ORD-11849,USR-1727,2026-05-19,Meta Ads,108.22
ORD-11850,USR-1930,2026-01-31,Google Ads,37.05
ORD-11851,USR-1100,2026-04-17,Direct,57.02
ORD-11852,USR-1758,2026-04-22,Organic Search,22.9
ORD-11853,USR-2307,2026-06-22,Google Ads,109.13
ORD-11854,USR-2186,2026-04-12,Google Ads,75.59
ORD-11855,USR-1982,2026-02-20,TikTok Ads,99.33
ORD-11856,USR-1599,2026-06-21,Meta Ads,45.69
ORD-11857,USR-1234,2026-04-02,Google Ads,85.26
ORD-11858,USR-1646,2026-05-19,Google Ads,15.25
ORD-11859,USR-1537,2026-04-06,TikTok Ads,27.73
ORD-11860,USR-1395,2026-04-03,Google Ads,117.05
ORD-11861,USR-2074,2026-04-28,Meta Ads,47.98
ORD-11862,USR-1756,2026-03-08,Organic Search,96.11
ORD-11863,USR-2494,2026-05-22,TikTok Ads,77.66
ORD-11864,USR-1672,2026-04-30,Meta Ads,27.8
ORD-11865,USR-1444,2026-05-07,Google Ads,52.73
ORD-11866,USR-1265,2026-01-24,Google Ads,83.02
ORD-11867,USR-1496,2026-06-18,Meta Ads,109.96
ORD-11868,USR-1493,2026-06-22,TikTok Ads,97.92
ORD-11869,USR-1675,2026-05-27,Meta Ads,33.0
ORD-11870,USR-1549,2026-06-03,TikTok Ads,108.85
ORD-11871,USR-1477,2026-04-05,Organic Search,40.63
ORD-11872,USR-1835,2026-01-24,Meta Ads,109.28
ORD-11873,USR-1509,2026-02-13,Meta Ads,18.44
ORD-11874,USR-2316,2026-06-03,Direct,118.18
ORD-11875,USR-1258,2026-04-25,Meta Ads,110.11
ORD-11876,USR-1560,2026-02-12,Organic Search,111.78
ORD-11877,USR-2486,2026-02-10,TikTok Ads,99.5
ORD-11878,USR-1543,2026-04-01,Google Ads,61.06
ORD-11879,USR-1060,2026-05-18,Meta Ads,98.18
ORD-11880,USR-1925,2026-01-29,Meta Ads,38.98
ORD-11881,USR-1193,2026-01-11,Meta Ads,43.68
ORD-11882,USR-1854,2026-03-21,Meta Ads,110.39
ORD-11883,USR-1220,2026-06-02,TikTok Ads,119.06
ORD-11884,USR-1815,2026-01-23,Google Ads,101.21
ORD-11885,USR-1922,2026-01-02,TikTok Ads,20.93
ORD-11886,USR-1739,2026-03-19,Google Ads,38.23
ORD-11887,USR-1901,2026-05-08,TikTok Ads,79.86
ORD-11888,USR-2257,2026-05-18,TikTok Ads,67.28
ORD-11889,USR-1969,2026-05-11,Meta Ads,58.1
ORD-11890,USR-1161,2026-02-21,TikTok Ads,101.75
ORD-11891,USR-2094,2026-03-02,TikTok Ads,99.64
ORD-11892,USR-2244,2026-04-18,TikTok Ads,106.81
ORD-11893,USR-1081,2026-01-21,Meta Ads,43.25
ORD-11894,USR-2286,2026-01-10,Google Ads,117.87
ORD-11895,USR-1507,2026-04-24,Organic Search,93.13
ORD-11896,USR-2479,2026-02-16,Meta Ads,89.65
ORD-11897,USR-2055,2026-03-24,Meta Ads,110.72
ORD-11898,USR-1000,2026-03-04,Organic Search,52.63
ORD-11899,USR-1085,2026-05-16,Meta Ads,72.94
ORD-11900,USR-1515,2026-01-23,Meta Ads,114.61
ORD-11901,USR-2128,2026-01-21,Direct,16.03
ORD-11902,USR-1144,2026-01-07,Meta Ads,36.98
ORD-11903,USR-1928,2026-03-28,Google Ads,91.94
ORD-11904,USR-1697,2026-05-05,Meta Ads,79.0
ORD-11905,USR-1041,2026-03-20,Google Ads,66.04
ORD-11906,USR-1291,2026-01-17,TikTok Ads,108.76
ORD-11907,USR-1096,2026-02-05,TikTok Ads,58.66
ORD-11908,USR-2091,2026-03-11,Meta Ads,40.17
ORD-11909,USR-2244,2026-03-18,Google Ads,117.49
ORD-11910,USR-1770,2026-03-16,Meta Ads,23.72
ORD-11911,USR-1958,2026-05-05,TikTok Ads,76.4
ORD-11912,USR-1746,2026-03-17,Google Ads,99.12
ORD-11913,USR-2017,2026-05-18,Meta Ads,35.73
ORD-11914,USR-2017,2026-03-31,TikTok Ads,47.05
ORD-11915,USR-1277,2026-06-20,Meta Ads,49.76
ORD-11916,USR-2019,2026-03-07,TikTok Ads,101.81
ORD-11917,USR-2297,2026-02-23,Google Ads,118.88
ORD-11918,USR-1104,2026-03-26,Meta Ads,18.03
ORD-11919,USR-1729,2026-06-07,Meta Ads,103.08
ORD-11920,USR-1392,2026-04-10,Meta Ads,74.55
ORD-11921,USR-2203,2026-01-05,Google Ads,86.55
ORD-11922,USR-1252,2026-05-13,Meta Ads,116.2
ORD-11923,USR-2231,2026-05-30,Google Ads,27.63
ORD-11924,USR-1645,2026-03-02,TikTok Ads,72.87
ORD-11925,USR-1190,2026-05-13,Meta Ads,47.07
ORD-11926,USR-1186,2026-03-04,Google Ads,71.09
ORD-11927,USR-2399,2026-05-12,Meta Ads,89.19
ORD-11928,USR-1581,2026-04-09,TikTok Ads,57.24
ORD-11929,USR-1018,2026-01-16,Google Ads,28.3
ORD-11930,USR-1174,2026-04-05,TikTok Ads,24.58
ORD-11931,USR-2426,2026-02-23,Meta Ads,26.36
ORD-11932,USR-1579,2026-04-03,Meta Ads,83.34
ORD-11933,USR-1822,2026-01-26,Google Ads,84.23
ORD-11934,USR-1562,2026-05-14,Direct,29.08
ORD-11935,USR-1248,2026-01-25,Organic Search,15.19
ORD-11936,USR-1823,2026-04-03,Direct,119.05
ORD-11937,USR-2276,2026-04-30,Meta Ads,50.16
ORD-11938,USR-2339,2026-05-04,Google Ads,29.19
ORD-11939,USR-1752,2026-02-19,Meta Ads,51.83
ORD-11940,USR-1079,2026-06-06,TikTok Ads,21.92
ORD-11941,USR-1017,2026-05-14,Meta Ads,26.65
ORD-11942,USR-2471,2026-03-31,Meta Ads,114.42
ORD-11943,USR-1723,2026-02-03,Organic Search,118.0
ORD-11944,USR-2275,2026-03-21,Meta Ads,91.82
ORD-11945,USR-2135,2026-02-17,Google Ads,87.31
ORD-11946,USR-2340,2026-01-12,TikTok Ads,106.48
ORD-11947,USR-1546,2026-02-03,Meta Ads,50.9
ORD-11948,USR-2274,2026-01-25,Google Ads,94.95
ORD-11949,USR-1855,2026-05-14,Meta Ads,62.45
ORD-11950,USR-1255,2026-05-01,Meta Ads,25.18
ORD-11951,USR-2021,2026-02-01,Meta Ads,98.23
ORD-11952,USR-2250,2026-05-12,Meta Ads,89.57
ORD-11953,USR-2345,2026-04-24,TikTok Ads,58.23
ORD-11954,USR-1898,2026-02-23,TikTok Ads,37.69
ORD-11955,USR-2435,2026-05-11,Organic Search,117.74
ORD-11956,USR-2443,2026-01-18,Meta Ads,58.35
ORD-11957,USR-1272,2026-06-03,Meta Ads,118.01
ORD-11958,USR-2396,2026-02-26,Meta Ads,23.99
ORD-11959,USR-1651,2026-06-08,Google Ads,17.31
ORD-11960,USR-1585,2026-04-18,Meta Ads,84.0
ORD-11961,USR-2256,2026-05-28,Google Ads,88.08
ORD-11962,USR-2052,2026-05-02,Meta Ads,76.84
ORD-11963,USR-1329,2026-03-14,TikTok Ads,68.52
ORD-11964,USR-1352,2026-04-05,Meta Ads,33.83
ORD-11965,USR-2042,2026-01-09,Meta Ads,49.58
ORD-11966,USR-1715,2026-04-24,TikTok Ads,109.85
ORD-11967,USR-1254,2026-02-11,Meta Ads,61.95
ORD-11968,USR-1091,2026-01-20,TikTok Ads,24.8
ORD-11969,USR-1139,2026-02-06,TikTok Ads,102.17
ORD-11970,USR-2201,2026-05-05,TikTok Ads,102.0
ORD-11971,USR-1189,2026-04-13,Google Ads,89.41
ORD-11972,USR-2280,2026-02-16,Meta Ads,36.12
ORD-11973,USR-1414,2026-02-07,Direct,98.33
ORD-11974,USR-1652,2026-03-28,Google Ads,105.33
ORD-11975,USR-1310,2026-03-08,Google Ads,23.26
ORD-11976,USR-1346,2026-02-27,Organic Search,26.07
ORD-11977,USR-1520,2026-05-06,Meta Ads,61.33
ORD-11978,USR-2460,2026-04-04,Meta Ads,28.22
ORD-11979,USR-2382,2026-05-29,Organic Search,26.65
ORD-11980,USR-1169,2026-03-10,Organic Search,97.51
ORD-11981,USR-1458,2026-01-04,Direct,50.21
ORD-11982,USR-1618,2026-03-26,TikTok Ads,32.18
ORD-11983,USR-1246,2026-06-22,Meta Ads,16.3
ORD-11984,USR-1558,2026-06-10,TikTok Ads,91.78
ORD-11985,USR-1820,2026-03-13,Google Ads,102.15
ORD-11986,USR-1255,2026-06-20,Organic Search,95.07
ORD-11987,USR-1234,2026-05-08,Meta Ads,108.68
ORD-11988,USR-1856,2026-06-06,Meta Ads,119.97
ORD-11989,USR-1947,2026-01-24,Meta Ads,16.09
ORD-11990,USR-1481,2026-06-14,Google Ads,83.33
ORD-11991,USR-1397,2026-06-18,TikTok Ads,62.13
ORD-11992,USR-1307,2026-06-28,Meta Ads,87.37
ORD-11993,USR-1609,2026-04-09,Google Ads,32.93
ORD-11994,USR-1422,2026-01-27,Google Ads,59.46
ORD-11995,USR-2495,2026-01-18,Meta Ads,84.61
ORD-11996,USR-1091,2026-05-20,Organic Search,85.44
ORD-11997,USR-2304,2026-04-02,Meta Ads,64.39
ORD-11998,USR-1279,2026-05-15,TikTok Ads,115.72
ORD-11999,USR-1869,2026-04-25,TikTok Ads,52.57
ORD-12000,USR-2348,2026-06-01,Organic Search,67.4
ORD-12001,USR-1380,2026-06-19,Organic Search,71.53
ORD-12002,USR-2414,2026-06-06,Meta Ads,59.51
ORD-12003,USR-2408,2026-01-18,Google Ads,51.13
ORD-12004,USR-1726,2026-02-13,Google Ads,94.93
ORD-12005,USR-2275,2026-03-31,Meta Ads,48.41
ORD-12006,USR-1130,2026-04-17,TikTok Ads,54.72
ORD-12007,USR-1025,2026-05-22,TikTok Ads,16.21
ORD-12008,USR-1679,2026-05-03,TikTok Ads,27.27
ORD-12009,USR-1207,2026-01-05,Meta Ads,28.68
ORD-12010,USR-2432,2026-01-11,Meta Ads,105.56
ORD-12011,USR-1386,2026-01-28,Meta Ads,50.05
ORD-12012,USR-1556,2026-03-03,TikTok Ads,83.67
ORD-12013,USR-2067,2026-01-25,Meta Ads,87.36
ORD-12014,USR-1175,2026-06-23,Direct,27.33
ORD-12015,USR-1855,2026-03-21,Meta Ads,81.8
ORD-12016,USR-1439,2026-02-24,Organic Search,29.87
ORD-12017,USR-1655,2026-02-27,Google Ads,49.65
ORD-12018,USR-1502,2026-06-22,Organic Search,82.07
ORD-12019,USR-1154,2026-02-22,Google Ads,79.19
ORD-12020,USR-1992,2026-04-25,Meta Ads,17.37
ORD-12021,USR-1231,2026-01-16,Google Ads,90.73
ORD-12022,USR-1998,2026-01-22,TikTok Ads,115.4
ORD-12023,USR-1023,2026-02-14,Meta Ads,112.87
ORD-12024,USR-2350,2026-01-13,Meta Ads,95.22
ORD-12025,USR-1371,2026-05-02,Meta Ads,98.92
ORD-12026,USR-1381,2026-06-17,Direct,34.51
ORD-12027,USR-2300,2026-06-11,Direct,29.63
ORD-12028,USR-2118,2026-01-03,Google Ads,44.47
ORD-12029,USR-1924,2026-05-03,TikTok Ads,27.22
ORD-12030,USR-2148,2026-03-01,Organic Search,111.91
ORD-12031,USR-1951,2026-02-20,TikTok Ads,105.01
ORD-12032,USR-1380,2026-02-08,Meta Ads,115.37
ORD-12033,USR-1324,2026-03-23,Meta Ads,32.09
ORD-12034,USR-2492,2026-03-17,Google Ads,84.44
ORD-12035,USR-2031,2026-01-26,Google Ads,61.63
ORD-12036,USR-1148,2026-01-04,Google Ads,81.69
ORD-12037,USR-1944,2026-05-23,Meta Ads,57.69
ORD-12038,USR-1430,2026-02-06,Google Ads,33.55
ORD-12039,USR-1595,2026-05-22,Organic Search,92.08
ORD-12040,USR-1708,2026-04-07,Google Ads,28.4
ORD-12041,USR-2030,2026-03-29,TikTok Ads,50.21
ORD-12042,USR-1918,2026-02-21,Organic Search,55.75
ORD-12043,USR-1362,2026-06-21,Direct,83.06
ORD-12044,USR-1297,2026-01-21,Meta Ads,86.35
ORD-12045,USR-1026,2026-01-15,Google Ads,41.98
ORD-12046,USR-1318,2026-04-15,Meta Ads,116.37
ORD-12047,USR-1874,2026-02-26,Organic Search,45.74
ORD-12048,USR-1196,2026-04-27,Organic Search,48.03
ORD-12049,USR-1989,2026-03-21,Google Ads,45.12
ORD-12050,USR-1241,2026-01-02,Meta Ads,22.34
ORD-12051,USR-1619,2026-02-12,Meta Ads,51.17
ORD-12052,USR-1130,2026-06-05,Meta Ads,107.93
ORD-12053,USR-2334,2026-02-18,Organic Search,106.73
ORD-12054,USR-1014,2026-04-15,TikTok Ads,85.43
ORD-12055,USR-2283,2026-06-05,Meta Ads,78.15
ORD-12056,USR-1330,2026-02-14,TikTok Ads,70.61
ORD-12057,USR-2088,2026-01-09,Google Ads,83.82
ORD-12058,USR-2053,2026-01-26,Google Ads,31.24
ORD-12059,USR-1104,2026-03-05,TikTok Ads,66.24
ORD-12060,USR-2070,2026-03-15,Organic Search,49.58
ORD-12061,USR-2170,2026-05-09,Google Ads,39.47
ORD-12062,USR-1409,2026-03-13,Direct,25.26
ORD-12063,USR-2276,2026-01-15,TikTok Ads,119.58
ORD-12064,USR-1770,2026-04-17,Google Ads,104.08
ORD-12065,USR-1095,2026-02-21,Organic Search,44.09
ORD-12066,USR-1967,2026-03-01,Meta Ads,87.11
ORD-12067,USR-1416,2026-04-21,Meta Ads,71.97
ORD-12068,USR-1706,2026-02-04,Organic Search,114.44
ORD-12069,USR-1089,2026-05-23,Organic Search,101.85
ORD-12070,USR-1131,2026-03-18,Google Ads,42.83
ORD-12071,USR-2024,2026-04-08,Meta Ads,90.45
ORD-12072,USR-1043,2026-05-20,TikTok Ads,58.34
ORD-12073,USR-2249,2026-04-18,Google Ads,54.0
ORD-12074,USR-1473,2026-05-12,Google Ads,31.35
ORD-12075,USR-2490,2026-04-19,Google Ads,58.27
ORD-12076,USR-1962,2026-01-08,Direct,89.24
ORD-12077,USR-1209,2026-01-15,TikTok Ads,100.13
ORD-12078,USR-1174,2026-01-28,Meta Ads,67.25
ORD-12079,USR-1054,2026-03-07,Meta Ads,49.18
ORD-12080,USR-1667,2026-03-15,Google Ads,56.88
ORD-12081,USR-1332,2026-03-28,Meta Ads,118.66
ORD-12082,USR-1949,2026-06-25,TikTok Ads,87.09
ORD-12083,USR-1100,2026-01-04,TikTok Ads,78.65
ORD-12084,USR-1295,2026-04-07,Google Ads,98.02
ORD-12085,USR-2097,2026-05-10,Meta Ads,15.62
ORD-12086,USR-1711,2026-03-31,Direct,64.47
ORD-12087,USR-2023,2026-04-02,Meta Ads,97.36
ORD-12088,USR-1703,2026-04-18,Google Ads,67.84
ORD-12089,USR-1363,2026-04-17,TikTok Ads,45.4
ORD-12090,USR-1873,2026-02-17,Google Ads,103.89
ORD-12091,USR-2188,2026-02-02,Meta Ads,109.57
ORD-12092,USR-1916,2026-02-05,Meta Ads,88.58
ORD-12093,USR-2227,2026-04-18,Google Ads,102.38
ORD-12094,USR-2017,2026-02-20,Google Ads,44.83
ORD-12095,USR-1585,2026-01-13,Meta Ads,41.47
ORD-12096,USR-2094,2026-01-20,Google Ads,65.47
ORD-12097,USR-1519,2026-05-10,Meta Ads,59.74
ORD-12098,USR-1534,2026-04-21,Google Ads,44.63
ORD-12099,USR-2138,2026-01-15,Meta Ads,18.23
ORD-12100,USR-1324,2026-02-21,TikTok Ads,27.98
ORD-12101,USR-2195,2026-06-24,TikTok Ads,35.63
ORD-12102,USR-2077,2026-03-19,Organic Search,104.73
ORD-12103,USR-1702,2026-06-13,Google Ads,37.04
ORD-12104,USR-1221,2026-02-17,TikTok Ads,85.49
ORD-12105,USR-1921,2026-04-02,Meta Ads,76.99
ORD-12106,USR-1588,2026-05-29,TikTok Ads,42.41
ORD-12107,USR-2236,2026-05-17,Meta Ads,103.88
ORD-12108,USR-1523,2026-02-28,Google Ads,71.2
ORD-12109,USR-1857,2026-01-06,Meta Ads,26.66
ORD-12110,USR-1939,2026-06-23,TikTok Ads,51.88
ORD-12111,USR-1540,2026-02-21,Meta Ads,74.48
ORD-12112,USR-1617,2026-05-16,Meta Ads,91.88
ORD-12113,USR-1185,2026-02-22,Meta Ads,109.06
ORD-12114,USR-1761,2026-01-17,Google Ads,90.25
ORD-12115,USR-1631,2026-06-29,Meta Ads,29.38
ORD-12116,USR-1057,2026-04-21,Google Ads,65.05
ORD-12117,USR-2387,2026-06-21,Meta Ads,30.43
ORD-12118,USR-1087,2026-04-28,TikTok Ads,44.61
ORD-12119,USR-2057,2026-01-14,TikTok Ads,27.91
ORD-12120,USR-1582,2026-02-14,TikTok Ads,103.8
ORD-12121,USR-2012,2026-03-19,TikTok Ads,94.74
ORD-12122,USR-2446,2026-01-07,Google Ads,23.81
ORD-12123,USR-2127,2026-03-11,Meta Ads,88.81
ORD-12124,USR-2226,2026-02-07,Meta Ads,55.47
ORD-12125,USR-2332,2026-03-02,Google Ads,51.02
ORD-12126,USR-2189,2026-03-17,TikTok Ads,68.71
ORD-12127,USR-1959,2026-05-07,TikTok Ads,67.82
ORD-12128,USR-1244,2026-04-27,TikTok Ads,20.16
ORD-12129,USR-2379,2026-04-26,Meta Ads,40.4
ORD-12130,USR-2425,2026-01-25,Meta Ads,34.47
ORD-12131,USR-1120,2026-06-19,TikTok Ads,83.52
ORD-12132,USR-2365,2026-01-10,Direct,67.15
ORD-12133,USR-2485,2026-05-25,TikTok Ads,28.06
ORD-12134,USR-2470,2026-04-29,Google Ads,75.3
ORD-12135,USR-1761,2026-04-04,Google Ads,102.73
ORD-12136,USR-1557,2026-02-15,TikTok Ads,90.98
ORD-12137,USR-1002,2026-03-26,Google Ads,62.46
ORD-12138,USR-1510,2026-06-06,Google Ads,29.07
ORD-12139,USR-2273,2026-06-24,Meta Ads,26.81
ORD-12140,USR-1302,2026-02-28,TikTok Ads,54.22
ORD-12141,USR-1361,2026-05-21,Organic Search,113.53
ORD-12142,USR-1015,2026-04-07,Meta Ads,52.4
ORD-12143,USR-1619,2026-04-30,TikTok Ads,60.03
ORD-12144,USR-1195,2026-01-04,Meta Ads,56.53
ORD-12145,USR-1230,2026-04-05,Organic Search,77.85
ORD-12146,USR-1672,2026-04-15,Meta Ads,22.88
ORD-12147,USR-1897,2026-02-24,Meta Ads,110.82
ORD-12148,USR-1370,2026-05-12,TikTok Ads,70.81
ORD-12149,USR-1647,2026-03-19,TikTok Ads,26.72
ORD-12150,USR-2383,2026-01-26,Google Ads,17.92
ORD-12151,USR-1103,2026-05-14,Meta Ads,102.22
ORD-12152,USR-1479,2026-03-22,Google Ads,78.41
ORD-12153,USR-1600,2026-01-13,Google Ads,19.01
ORD-12154,USR-2189,2026-02-06,TikTok Ads,90.76
ORD-12155,USR-1984,2026-03-28,Google Ads,27.96
ORD-12156,USR-2164,2026-03-01,Meta Ads,38.88
ORD-12157,USR-1895,2026-05-14,TikTok Ads,30.49
ORD-12158,USR-1519,2026-06-29,Meta Ads,55.87
ORD-12159,USR-2251,2026-02-03,TikTok Ads,55.96
ORD-12160,USR-2063,2026-06-23,Direct,42.95
ORD-12161,USR-1350,2026-06-28,TikTok Ads,118.64
ORD-12162,USR-1829,2026-03-25,Meta Ads,101.53
ORD-12163,USR-2189,2026-01-24,TikTok Ads,50.62
ORD-12164,USR-1597,2026-03-09,Meta Ads,104.41
ORD-12165,USR-1501,2026-06-27,Meta Ads,42.78
ORD-12166,USR-1249,2026-05-03,Google Ads,115.18
ORD-12167,USR-1980,2026-03-30,TikTok Ads,70.82
ORD-12168,USR-1342,2026-06-15,Google Ads,27.23
ORD-12169,USR-1531,2026-01-15,Meta Ads,32.66
ORD-12170,USR-2100,2026-04-10,TikTok Ads,82.6
ORD-12171,USR-1200,2026-06-05,Meta Ads,83.11
ORD-12172,USR-2035,2026-03-15,Google Ads,88.13
ORD-12173,USR-1817,2026-03-19,Organic Search,68.82
ORD-12174,USR-1690,2026-06-12,Meta Ads,86.38
ORD-12175,USR-1783,2026-05-12,Google Ads,25.14
ORD-12176,USR-2191,2026-03-26,TikTok Ads,26.33
ORD-12177,USR-1459,2026-02-27,Meta Ads,91.12
ORD-12178,USR-2040,2026-05-01,Organic Search,70.87
ORD-12179,USR-2092,2026-01-20,Meta Ads,75.85
ORD-12180,USR-2168,2026-04-12,Direct,23.81
ORD-12181,USR-2477,2026-05-09,Meta Ads,25.9
ORD-12182,USR-1406,2026-04-07,Google Ads,86.81
ORD-12183,USR-2110,2026-05-27,Organic Search,71.02
ORD-12184,USR-1737,2026-02-11,Organic Search,74.25
ORD-12185,USR-1111,2026-06-15,Google Ads,59.68
ORD-12186,USR-1409,2026-06-27,Meta Ads,53.21
ORD-12187,USR-2129,2026-01-09,Meta Ads,90.55
ORD-12188,USR-1395,2026-03-22,TikTok Ads,37.23
ORD-12189,USR-1789,2026-06-07,Meta Ads,59.61
ORD-12190,USR-2049,2026-06-25,Google Ads,69.33
ORD-12191,USR-1263,2026-04-10,Direct,101.01
ORD-12192,USR-1461,2026-04-17,Meta Ads,119.7
ORD-12193,USR-1869,2026-05-23,Direct,89.67
ORD-12194,USR-1806,2026-02-15,Meta Ads,114.14
ORD-12195,USR-1486,2026-03-21,Google Ads,101.59
ORD-12196,USR-2018,2026-05-21,Direct,28.84
ORD-12197,USR-1412,2026-02-03,Meta Ads,59.4
ORD-12198,USR-1663,2026-03-27,TikTok Ads,92.78
ORD-12199,USR-2278,2026-06-25,Google Ads,113.01
ORD-12200,USR-1607,2026-05-21,Meta Ads,98.44
ORD-12201,USR-2412,2026-02-16,Meta Ads,80.63
ORD-12202,USR-2375,2026-04-28,Direct,19.34
ORD-12203,USR-1657,2026-06-01,Google Ads,25.72
ORD-12204,USR-1622,2026-05-18,TikTok Ads,27.58
ORD-12205,USR-2274,2026-04-26,Meta Ads,100.5
ORD-12206,USR-1119,2026-05-30,Google Ads,69.88
ORD-12207,USR-1513,2026-04-05,Meta Ads,112.71
ORD-12208,USR-1580,2026-04-19,Organic Search,66.77
ORD-12209,USR-2116,2026-03-01,Direct,99.29
ORD-12210,USR-1320,2026-06-24,Google Ads,80.51
ORD-12211,USR-1402,2026-03-29,TikTok Ads,82.61
ORD-12212,USR-1252,2026-02-24,Organic Search,64.12
ORD-12213,USR-1159,2026-04-23,Organic Search,56.26
ORD-12214,USR-2466,2026-01-11,Google Ads,87.37
ORD-12215,USR-2040,2026-02-24,Direct,71.19
ORD-12216,USR-1649,2026-05-31,TikTok Ads,96.54
ORD-12217,USR-2265,2026-04-07,TikTok Ads,98.3
ORD-12218,USR-2083,2026-01-27,TikTok Ads,71.06
ORD-12219,USR-1369,2026-04-16,Direct,32.88
ORD-12220,USR-1606,2026-04-12,Google Ads,68.36
ORD-12221,USR-1998,2026-05-05,Organic Search,72.06
ORD-12222,USR-2376,2026-06-11,Meta Ads,82.29
ORD-12223,USR-1558,2026-03-16,TikTok Ads,78.52
ORD-12224,USR-2185,2026-02-18,Meta Ads,110.44
ORD-12225,USR-1205,2026-05-26,Direct,53.7
ORD-12226,USR-2488,2026-04-09,Organic Search,71.16
ORD-12227,USR-1820,2026-03-13,Meta Ads,42.92
ORD-12228,USR-2085,2026-05-13,Meta Ads,22.99
ORD-12229,USR-1910,2026-01-20,Meta Ads,98.78
ORD-12230,USR-1514,2026-05-16,Meta Ads,60.08
ORD-12231,USR-1665,2026-06-08,Meta Ads,85.99
ORD-12232,USR-1119,2026-02-03,Google Ads,91.49
ORD-12233,USR-1768,2026-03-10,Meta Ads,100.49
ORD-12234,USR-1521,2026-02-16,Google Ads,100.03
ORD-12235,USR-1247,2026-05-06,Meta Ads,92.57
ORD-12236,USR-1685,2026-06-29,Meta Ads,74.91
ORD-12237,USR-1803,2026-04-05,Organic Search,77.93
ORD-12238,USR-2392,2026-04-22,Google Ads,22.99
ORD-12239,USR-2109,2026-04-24,TikTok Ads,98.15
ORD-12240,USR-1396,2026-03-10,Google Ads,15.4
ORD-12241,USR-1997,2026-06-28,Meta Ads,71.37
ORD-12242,USR-1949,2026-03-24,Meta Ads,28.39
ORD-12243,USR-1716,2026-04-09,Google Ads,42.97
ORD-12244,USR-1010,2026-05-27,Google Ads,108.48
ORD-12245,USR-1408,2026-05-20,Meta Ads,64.97
ORD-12246,USR-2199,2026-01-03,TikTok Ads,20.85
ORD-12247,USR-1787,2026-04-17,Meta Ads,25.56
ORD-12248,USR-2259,2026-05-04,Meta Ads,50.15
ORD-12249,USR-1558,2026-01-13,Organic Search,88.91
ORD-12250,USR-1158,2026-05-29,Meta Ads,66.37
ORD-12251,USR-1984,2026-04-20,Meta Ads,102.42
ORD-12252,USR-1478,2026-03-01,TikTok Ads,107.05
ORD-12253,USR-2138,2026-06-06,TikTok Ads,94.53
ORD-12254,USR-1359,2026-02-07,Meta Ads,28.62
ORD-12255,USR-1777,2026-01-15,Google Ads,81.49
ORD-12256,USR-1522,2026-05-25,Meta Ads,74.49
ORD-12257,USR-2073,2026-03-10,Meta Ads,47.53
ORD-12258,USR-1015,2026-03-10,TikTok Ads,55.02
ORD-12259,USR-1131,2026-04-11,Organic Search,45.48
ORD-12260,USR-2372,2026-01-17,Meta Ads,68.9
ORD-12261,USR-2071,2026-04-11,TikTok Ads,103.86
ORD-12262,USR-2027,2026-02-05,TikTok Ads,101.13
ORD-12263,USR-1113,2026-02-11,TikTok Ads,68.76
ORD-12264,USR-2300,2026-06-23,Google Ads,61.7
ORD-12265,USR-1066,2026-03-10,Organic Search,114.06
ORD-12266,USR-2182,2026-06-10,Meta Ads,42.16
ORD-12267,USR-1701,2026-03-13,Meta Ads,29.59
ORD-12268,USR-2301,2026-01-26,Google Ads,32.3
ORD-12269,USR-2316,2026-04-17,Meta Ads,51.74
ORD-12270,USR-1809,2026-05-19,Google Ads,73.3
ORD-12271,USR-2466,2026-03-04,Google Ads,52.36
ORD-12272,USR-1271,2026-02-21,Meta Ads,79.7
ORD-12273,USR-2141,2026-03-23,Google Ads,113.94
ORD-12274,USR-2329,2026-03-11,Organic Search,50.46
ORD-12275,USR-2440,2026-04-21,Google Ads,61.33
ORD-12276,USR-1900,2026-01-29,Meta Ads,90.82
ORD-12277,USR-2093,2026-04-27,Google Ads,63.4
ORD-12278,USR-1442,2026-05-12,TikTok Ads,103.56
ORD-12279,USR-1170,2026-05-11,Meta Ads,78.44
ORD-12280,USR-1245,2026-05-09,Meta Ads,104.91
ORD-12281,USR-1615,2026-04-22,Google Ads,107.02
ORD-12282,USR-1441,2026-01-01,Meta Ads,68.89
ORD-12283,USR-1761,2026-04-18,Meta Ads,87.11
ORD-12284,USR-1024,2026-06-04,Meta Ads,59.02
ORD-12285,USR-2083,2026-06-01,Meta Ads,68.04
ORD-12286,USR-1564,2026-04-21,Organic Search,98.09
ORD-12287,USR-1167,2026-04-06,Google Ads,105.6
ORD-12288,USR-1519,2026-04-14,Organic Search,66.77
ORD-12289,USR-2133,2026-05-20,TikTok Ads,111.88
ORD-12290,USR-1114,2026-04-10,Meta Ads,46.57
ORD-12291,USR-1985,2026-06-16,Google Ads,19.94
ORD-12292,USR-1066,2026-01-07,Organic Search,84.8
ORD-12293,USR-1696,2026-04-11,TikTok Ads,91.33
ORD-12294,USR-1949,2026-04-13,Meta Ads,63.36
ORD-12295,USR-1722,2026-03-29,Google Ads,87.13
ORD-12296,USR-1702,2026-04-01,Organic Search,46.6
ORD-12297,USR-1349,2026-05-18,Meta Ads,39.39
ORD-12298,USR-2253,2026-05-29,Meta Ads,24.12
ORD-12299,USR-2001,2026-02-23,TikTok Ads,47.06
ORD-12300,USR-2026,2026-02-17,Meta Ads,95.86
ORD-12301,USR-1812,2026-04-04,Google Ads,15.86
ORD-12302,USR-1894,2026-02-25,Google Ads,54.4
ORD-12303,USR-1315,2026-01-13,Direct,44.97
ORD-12304,USR-2299,2026-06-05,Google Ads,102.01
ORD-12305,USR-1970,2026-06-20,TikTok Ads,119.95
ORD-12306,USR-1303,2026-04-22,Meta Ads,32.29
ORD-12307,USR-2029,2026-02-17,Google Ads,25.97
ORD-12308,USR-1381,2026-03-19,Meta Ads,64.97
ORD-12309,USR-1159,2026-02-16,TikTok Ads,90.19
ORD-12310,USR-1775,2026-01-14,Meta Ads,80.76
ORD-12311,USR-2143,2026-05-30,Google Ads,105.24
ORD-12312,USR-1030,2026-03-01,TikTok Ads,106.48
ORD-12313,USR-1497,2026-03-22,Direct,86.79
ORD-12314,USR-1131,2026-05-29,Google Ads,66.14
ORD-12315,USR-1029,2026-05-12,Meta Ads,112.21
ORD-12316,USR-2260,2026-01-04,Meta Ads,52.81
ORD-12317,USR-2469,2026-01-22,TikTok Ads,32.71
ORD-12318,USR-1262,2026-04-17,Organic Search,107.43
ORD-12319,USR-1377,2026-01-09,Google Ads,26.79
ORD-12320,USR-1328,2026-06-01,Meta Ads,99.45
ORD-12321,USR-2390,2026-06-12,Meta Ads,15.59
ORD-12322,USR-1867,2026-01-16,Google Ads,67.64
ORD-12323,USR-2243,2026-03-10,Meta Ads,82.94
ORD-12324,USR-2409,2026-06-26,Google Ads,22.78
ORD-12325,USR-1996,2026-04-28,Meta Ads,24.98
ORD-12326,USR-1011,2026-02-23,Google Ads,72.27
ORD-12327,USR-1077,2026-04-20,Google Ads,78.94
ORD-12328,USR-1811,2026-04-12,Google Ads,72.18
ORD-12329,USR-1081,2026-03-18,Meta Ads,88.31
ORD-12330,USR-2327,2026-03-25,Google Ads,43.99
ORD-12331,USR-2451,2026-04-26,Meta Ads,116.44
ORD-12332,USR-1859,2026-04-01,Meta Ads,63.77
ORD-12333,USR-2380,2026-02-13,Meta Ads,52.54
ORD-12334,USR-2277,2026-02-03,Meta Ads,31.35
ORD-12335,USR-1943,2026-06-06,Organic Search,17.2
ORD-12336,USR-1776,2026-03-16,TikTok Ads,18.55
ORD-12337,USR-2187,2026-03-08,Meta Ads,51.32
ORD-12338,USR-2277,2026-04-29,TikTok Ads,50.08
ORD-12339,USR-2109,2026-05-13,Meta Ads,62.35
ORD-12340,USR-2070,2026-03-17,Direct,88.91
ORD-12341,USR-2405,2026-05-26,Meta Ads,82.75
ORD-12342,USR-2491,2026-04-03,TikTok Ads,68.0
ORD-12343,USR-1313,2026-05-13,TikTok Ads,102.44
ORD-12344,USR-2291,2026-01-08,Google Ads,71.07
ORD-12345,USR-1800,2026-04-01,Meta Ads,61.12
ORD-12346,USR-2294,2026-04-10,Google Ads,57.23
ORD-12347,USR-1064,2026-01-11,Meta Ads,20.39
ORD-12348,USR-2385,2026-01-16,Google Ads,90.38
ORD-12349,USR-1185,2026-01-30,Meta Ads,115.06
ORD-12350,USR-1170,2026-05-14,Meta Ads,29.06
ORD-12351,USR-1026,2026-01-18,Google Ads,57.69
ORD-12352,USR-2132,2026-01-22,TikTok Ads,68.57
ORD-12353,USR-1785,2026-06-17,Meta Ads,56.67
ORD-12354,USR-1660,2026-04-20,Organic Search,51.03
ORD-12355,USR-2099,2026-04-30,Meta Ads,17.01
ORD-12356,USR-2313,2026-02-08,TikTok Ads,66.47
ORD-12357,USR-1817,2026-06-18,TikTok Ads,17.37
ORD-12358,USR-2017,2026-02-21,Meta Ads,105.21
ORD-12359,USR-1795,2026-02-14,Meta Ads,62.2
ORD-12360,USR-1848,2026-01-27,Direct,89.17
ORD-12361,USR-1632,2026-03-03,Direct,111.75
ORD-12362,USR-2454,2026-05-04,Google Ads,64.45
ORD-12363,USR-1898,2026-05-01,TikTok Ads,74.08
ORD-12364,USR-1981,2026-01-19,Google Ads,39.52
ORD-12365,USR-1063,2026-03-09,Google Ads,88.01
ORD-12366,USR-1457,2026-03-07,TikTok Ads,35.89
ORD-12367,USR-2449,2026-01-03,Organic Search,60.97
ORD-12368,USR-1343,2026-06-27,TikTok Ads,67.61
ORD-12369,USR-2217,2026-06-21,Google Ads,85.59
ORD-12370,USR-1028,2026-04-30,Organic Search,76.93
ORD-12371,USR-2376,2026-02-22,Google Ads,32.0
ORD-12372,USR-1116,2026-06-25,Meta Ads,111.79
ORD-12373,USR-1763,2026-06-24,Direct,111.33
ORD-12374,USR-2096,2026-03-07,Meta Ads,41.78
ORD-12375,USR-1496,2026-05-11,Meta Ads,93.18
ORD-12376,USR-2493,2026-06-22,Google Ads,97.18
ORD-12377,USR-1594,2026-03-24,Google Ads,55.73
ORD-12378,USR-2251,2026-01-26,Google Ads,75.9
ORD-12379,USR-2094,2026-06-24,Google Ads,65.03
ORD-12380,USR-1336,2026-04-05,Google Ads,22.84
ORD-12381,USR-1012,2026-05-22,Organic Search,116.05
ORD-12382,USR-1240,2026-06-24,Google Ads,26.49
ORD-12383,USR-2357,2026-05-21,Meta Ads,59.83
ORD-12384,USR-2475,2026-01-03,Organic Search,93.07
ORD-12385,USR-1416,2026-01-01,Organic Search,35.97
ORD-12386,USR-2418,2026-04-26,TikTok Ads,110.72
ORD-12387,USR-1045,2026-05-22,Meta Ads,113.87
ORD-12388,USR-1648,2026-01-10,Google Ads,83.01
ORD-12389,USR-1908,2026-05-08,Meta Ads,65.29
ORD-12390,USR-1547,2026-01-06,Meta Ads,22.73
ORD-12391,USR-1748,2026-01-25,TikTok Ads,63.54
ORD-12392,USR-1377,2026-02-19,TikTok Ads,50.37
ORD-12393,USR-2167,2026-02-26,Google Ads,28.19
ORD-12394,USR-1747,2026-01-12,Meta Ads,47.93
ORD-12395,USR-1214,2026-05-14,Google Ads,68.56
ORD-12396,USR-1125,2026-03-14,Meta Ads,95.66
ORD-12397,USR-2195,2026-02-07,Meta Ads,69.36
ORD-12398,USR-1831,2026-03-21,TikTok Ads,98.21
ORD-12399,USR-2222,2026-05-07,Meta Ads,103.35
ORD-12400,USR-1633,2026-05-12,Meta Ads,95.69
ORD-12401,USR-1457,2026-04-12,Meta Ads,23.36
ORD-12402,USR-1760,2026-01-17,Meta Ads,113.62
ORD-12403,USR-2142,2026-02-28,Meta Ads,114.49
ORD-12404,USR-1479,2026-03-07,Google Ads,94.89
ORD-12405,USR-1583,2026-05-28,Meta Ads,95.43
ORD-12406,USR-1628,2026-04-17,Meta Ads,59.24
ORD-12407,USR-1209,2026-05-27,Google Ads,71.44
ORD-12408,USR-1867,2026-04-13,Meta Ads,53.35
ORD-12409,USR-1915,2026-06-21,Meta Ads,113.48
ORD-12410,USR-2128,2026-04-02,Meta Ads,24.37
ORD-12411,USR-2296,2026-01-27,Meta Ads,23.28
ORD-12412,USR-2288,2026-03-25,Google Ads,68.97
ORD-12413,USR-2019,2026-06-15,Organic Search,82.76
ORD-12414,USR-2344,2026-03-04,Meta Ads,97.41
ORD-12415,USR-2485,2026-06-01,Meta Ads,47.06
ORD-12416,USR-2014,2026-01-25,TikTok Ads,41.93
ORD-12417,USR-2080,2026-05-21,Direct,26.88
ORD-12418,USR-1639,2026-05-22,Meta Ads,115.5
ORD-12419,USR-1089,2026-03-12,Google Ads,53.26
ORD-12420,USR-1893,2026-03-20,TikTok Ads,64.92
ORD-12421,USR-2458,2026-05-27,Direct,64.95
ORD-12422,USR-1960,2026-06-21,Google Ads,84.43
ORD-12423,USR-1283,2026-02-25,Meta Ads,32.07
ORD-12424,USR-1611,2026-04-16,Organic Search,16.57
ORD-12425,USR-1085,2026-03-06,TikTok Ads,27.43
ORD-12426,USR-1173,2026-03-21,Organic Search,45.87
ORD-12427,USR-2396,2026-03-04,Meta Ads,104.04
ORD-12428,USR-1696,2026-05-08,TikTok Ads,67.9
ORD-12429,USR-1665,2026-03-12,Organic Search,20.85
ORD-12430,USR-2445,2026-03-12,Organic Search,106.28
ORD-12431,USR-1876,2026-05-10,Google Ads,31.22
ORD-12432,USR-2023,2026-04-11,Google Ads,112.99
ORD-12433,USR-2060,2026-05-06,TikTok Ads,59.92
ORD-12434,USR-1396,2026-01-08,Meta Ads,33.33
ORD-12435,USR-2106,2026-04-02,Meta Ads,75.88
ORD-12436,USR-2482,2026-01-25,Google Ads,90.67
ORD-12437,USR-1033,2026-06-07,Google Ads,74.08
ORD-12438,USR-1690,2026-03-10,Meta Ads,85.71
ORD-12439,USR-1062,2026-01-31,Organic Search,73.01
ORD-12440,USR-1333,2026-02-17,TikTok Ads,119.01
ORD-12441,USR-1079,2026-06-04,TikTok Ads,98.38
ORD-12442,USR-2384,2026-03-18,TikTok Ads,19.37
ORD-12443,USR-1461,2026-06-13,Google Ads,30.62
ORD-12444,USR-1997,2026-05-02,Organic Search,116.17
ORD-12445,USR-1829,2026-02-26,Meta Ads,18.19
ORD-12446,USR-1463,2026-02-25,Meta Ads,25.18
ORD-12447,USR-1993,2026-06-07,Google Ads,42.72
ORD-12448,USR-1014,2026-04-18,Meta Ads,60.56
ORD-12449,USR-2136,2026-06-09,Google Ads,78.52
ORD-12450,USR-1353,2026-04-01,Meta Ads,119.95
ORD-12451,USR-2443,2026-02-10,TikTok Ads,101.44
ORD-12452,USR-2174,2026-06-10,Direct,115.03
ORD-12453,USR-1079,2026-01-30,TikTok Ads,106.82
ORD-12454,USR-2303,2026-02-14,TikTok Ads,84.44
ORD-12455,USR-2076,2026-05-28,Meta Ads,29.15
ORD-12456,USR-1385,2026-02-03,Google Ads,74.76
ORD-12457,USR-2070,2026-04-04,TikTok Ads,52.13
ORD-12458,USR-1723,2026-04-16,Meta Ads,48.44
ORD-12459,USR-2331,2026-05-31,TikTok Ads,117.66
ORD-12460,USR-2089,2026-03-23,Google Ads,15.02
ORD-12461,USR-1961,2026-01-28,Google Ads,93.71
ORD-12462,USR-1938,2026-03-10,Meta Ads,102.32
ORD-12463,USR-1198,2026-01-15,Meta Ads,34.56
ORD-12464,USR-1981,2026-02-04,Google Ads,114.81
ORD-12465,USR-1851,2026-01-19,Google Ads,84.84
ORD-12466,USR-2397,2026-06-16,Direct,73.61
ORD-12467,USR-2279,2026-06-09,Google Ads,48.98
ORD-12468,USR-1349,2026-04-13,Google Ads,114.53
ORD-12469,USR-1784,2026-04-21,Organic Search,105.05
ORD-12470,USR-1824,2026-06-01,TikTok Ads,56.74
ORD-12471,USR-1863,2026-04-14,TikTok Ads,49.96
ORD-12472,USR-1634,2026-02-06,Organic Search,113.0
ORD-12473,USR-2106,2026-03-14,Direct,95.11
ORD-12474,USR-2045,2026-02-17,TikTok Ads,91.55
ORD-12475,USR-2290,2026-02-15,Meta Ads,80.58
ORD-12476,USR-1037,2026-04-30,Meta Ads,60.08
ORD-12477,USR-2433,2026-04-20,Meta Ads,93.67
ORD-12478,USR-1289,2026-01-08,Google Ads,18.6
ORD-12479,USR-1715,2026-05-24,Organic Search,83.66
ORD-12480,USR-1752,2026-05-30,Meta Ads,117.43
ORD-12481,USR-1793,2026-01-02,Organic Search,51.2
ORD-12482,USR-2309,2026-04-17,Meta Ads,106.01
ORD-12483,USR-1107,2026-02-07,Direct,16.22
ORD-12484,USR-1327,2026-06-23,Google Ads,64.28
ORD-12485,USR-2442,2026-02-15,Meta Ads,17.67
ORD-12486,USR-2100,2026-02-20,Direct,63.32
ORD-12487,USR-1275,2026-05-13,Google Ads,70.12
ORD-12488,USR-1637,2026-02-03,Meta Ads,96.4
ORD-12489,USR-2412,2026-06-11,Organic Search,42.11
ORD-12490,USR-2242,2026-02-22,TikTok Ads,30.55
ORD-12491,USR-2491,2026-05-21,Meta Ads,93.98
ORD-12492,USR-1146,2026-03-07,Organic Search,118.99
ORD-12493,USR-1013,2026-05-02,TikTok Ads,50.39
ORD-12494,USR-1642,2026-06-11,Google Ads,42.22
ORD-12495,USR-1408,2026-01-02,Google Ads,51.54
ORD-12496,USR-1141,2026-01-24,Google Ads,58.69
ORD-12497,USR-1273,2026-05-14,TikTok Ads,21.62
ORD-12498,USR-1287,2026-02-09,Meta Ads,54.06
ORD-12499,USR-2120,2026-01-27,Organic Search,58.71
ORD-12500,USR-1483,2026-01-17,Meta Ads,32.65
ORD-12501,USR-2351,2026-04-26,TikTok Ads,118.05
ORD-12502,USR-2171,2026-02-26,Meta Ads,38.37
ORD-12503,USR-1557,2026-06-29,Google Ads,42.6
ORD-12504,USR-2038,2026-05-27,Meta Ads,66.67
ORD-12505,USR-2264,2026-03-19,Meta Ads,25.77
ORD-12506,USR-2499,2026-06-09,Direct,17.15
ORD-12507,USR-1823,2026-04-07,TikTok Ads,16.6
ORD-12508,USR-2217,2026-01-13,Meta Ads,103.91
ORD-12509,USR-1721,2026-01-28,Google Ads,39.4
ORD-12510,USR-1040,2026-06-18,Google Ads,19.14
ORD-12511,USR-1855,2026-01-04,TikTok Ads,83.15
ORD-12512,USR-1985,2026-06-08,Google Ads,45.24
ORD-12513,USR-2195,2026-05-16,Direct,53.87
ORD-12514,USR-1955,2026-01-20,TikTok Ads,108.26
ORD-12515,USR-1707,2026-04-30,Organic Search,65.43
ORD-12516,USR-1805,2026-02-08,Meta Ads,66.93
ORD-12517,USR-1763,2026-03-13,Google Ads,53.46
ORD-12518,USR-1819,2026-02-04,Organic Search,100.1
ORD-12519,USR-1378,2026-05-20,Google Ads,18.53
ORD-12520,USR-2408,2026-06-26,Google Ads,61.78
ORD-12521,USR-1449,2026-01-08,Google Ads,17.23
ORD-12522,USR-1436,2026-04-04,Meta Ads,71.92
ORD-12523,USR-1626,2026-05-02,Google Ads,58.15
ORD-12524,USR-1373,2026-04-18,Meta Ads,82.21
ORD-12525,USR-1035,2026-02-04,Organic Search,16.41
ORD-12526,USR-1367,2026-04-15,Meta Ads,69.6
ORD-12527,USR-1755,2026-01-08,Meta Ads,90.33
ORD-12528,USR-1626,2026-03-26,TikTok Ads,90.24
ORD-12529,USR-2395,2026-02-12,Meta Ads,104.37
ORD-12530,USR-2192,2026-04-22,Meta Ads,90.9
ORD-12531,USR-1983,2026-03-21,Meta Ads,65.2
ORD-12532,USR-2445,2026-06-29,Direct,86.5
ORD-12533,USR-2100,2026-01-07,Google Ads,117.53
ORD-12534,USR-1740,2026-06-06,TikTok Ads,32.46
ORD-12535,USR-1105,2026-01-29,Meta Ads,91.14
ORD-12536,USR-1001,2026-06-22,Organic Search,89.21
ORD-12537,USR-2131,2026-06-27,Meta Ads,54.86
ORD-12538,USR-1174,2026-02-06,Google Ads,64.74
ORD-12539,USR-1427,2026-05-14,Direct,96.17
ORD-12540,USR-2304,2026-05-26,Google Ads,43.83
ORD-12541,USR-1811,2026-06-21,Meta Ads,50.32
ORD-12542,USR-2182,2026-05-27,Meta Ads,28.63
ORD-12543,USR-2320,2026-06-14,Meta Ads,17.09
ORD-12544,USR-1244,2026-03-26,Meta Ads,98.27
ORD-12545,USR-1385,2026-04-08,Direct,39.74
ORD-12546,USR-1714,2026-06-07,Google Ads,37.37
ORD-12547,USR-1838,2026-03-22,TikTok Ads,69.02
ORD-12548,USR-2349,2026-02-14,Direct,24.29
ORD-12549,USR-1395,2026-04-11,Google Ads,62.39
ORD-12550,USR-1441,2026-02-11,TikTok Ads,24.31
ORD-12551,USR-1474,2026-06-04,Meta Ads,80.49
ORD-12552,USR-1347,2026-05-29,Google Ads,76.42
ORD-12553,USR-2360,2026-02-27,Google Ads,93.63
ORD-12554,USR-1216,2026-06-02,Meta Ads,89.89
ORD-12555,USR-1669,2026-01-06,Meta Ads,85.12
ORD-12556,USR-1645,2026-03-28,Google Ads,107.73
ORD-12557,USR-1564,2026-01-12,Google Ads,117.72
ORD-12558,USR-1219,2026-02-05,Google Ads,19.78
ORD-12559,USR-1791,2026-01-07,TikTok Ads,44.32
ORD-12560,USR-1833,2026-01-30,Direct,89.91
ORD-12561,USR-2451,2026-02-10,Organic Search,15.46
ORD-12562,USR-1008,2026-01-13,Meta Ads,110.83
ORD-12563,USR-1439,2026-02-17,Meta Ads,113.73
ORD-12564,USR-2131,2026-01-24,Google Ads,23.44
ORD-12565,USR-1565,2026-02-02,Meta Ads,99.05
ORD-12566,USR-2381,2026-03-19,Google Ads,35.97
ORD-12567,USR-1192,2026-04-13,Meta Ads,39.44
ORD-12568,USR-1827,2026-05-29,Meta Ads,75.9
ORD-12569,USR-1850,2026-06-01,Meta Ads,32.47
ORD-12570,USR-2037,2026-04-21,Organic Search,58.79
ORD-12571,USR-2309,2026-03-25,Meta Ads,28.29
ORD-12572,USR-1568,2026-04-04,Direct,89.0
ORD-12573,USR-1015,2026-03-05,Direct,66.25
ORD-12574,USR-1286,2026-03-31,Meta Ads,66.2
ORD-12575,USR-1979,2026-03-09,Meta Ads,26.22
ORD-12576,USR-1836,2026-06-17,Google Ads,97.55
ORD-12577,USR-1421,2026-01-26,TikTok Ads,81.55
ORD-12578,USR-2314,2026-06-07,Organic Search,106.11
ORD-12579,USR-2417,2026-06-10,Meta Ads,100.95
ORD-12580,USR-1916,2026-04-10,TikTok Ads,53.33
ORD-12581,USR-1894,2026-04-07,Google Ads,63.8
ORD-12582,USR-1098,2026-05-11,Google Ads,33.73
ORD-12583,USR-2138,2026-06-06,Meta Ads,96.57
ORD-12584,USR-1879,2026-05-25,Organic Search,60.61
ORD-12585,USR-2442,2026-06-20,Organic Search,101.65
ORD-12586,USR-1699,2026-03-26,Direct,74.76
ORD-12587,USR-2425,2026-01-05,Google Ads,64.41
ORD-12588,USR-1760,2026-03-15,Meta Ads,83.01
ORD-12589,USR-1503,2026-06-01,TikTok Ads,33.04
ORD-12590,USR-2264,2026-02-13,TikTok Ads,117.16
ORD-12591,USR-1597,2026-04-05,Organic Search,19.41
ORD-12592,USR-1174,2026-02-09,Meta Ads,74.1
ORD-12593,USR-1835,2026-04-19,Meta Ads,113.49
ORD-12594,USR-2177,2026-02-05,Google Ads,31.51
ORD-12595,USR-2382,2026-06-13,Google Ads,62.06
ORD-12596,USR-2061,2026-04-04,Meta Ads,51.34
ORD-12597,USR-1516,2026-02-12,Organic Search,46.15
ORD-12598,USR-2176,2026-05-03,Meta Ads,85.39
ORD-12599,USR-2399,2026-06-06,Organic Search,45.15
ORD-12600,USR-1803,2026-06-16,Google Ads,51.16
ORD-12601,USR-2082,2026-05-24,Direct,104.56
ORD-12602,USR-1966,2026-04-08,Meta Ads,56.4
ORD-12603,USR-1974,2026-04-30,Direct,119.35
ORD-12604,USR-1108,2026-05-26,TikTok Ads,107.46
ORD-12605,USR-1993,2026-01-10,Organic Search,43.3
ORD-12606,USR-1936,2026-02-23,Google Ads,32.66
ORD-12607,USR-2096,2026-06-14,Google Ads,16.76
ORD-12608,USR-2462,2026-06-17,Meta Ads,113.92
ORD-12609,USR-1530,2026-06-10,Meta Ads,70.02
ORD-12610,USR-1301,2026-02-19,TikTok Ads,99.62
ORD-12611,USR-2333,2026-03-24,Meta Ads,60.72
ORD-12612,USR-1786,2026-03-22,Meta Ads,66.16
ORD-12613,USR-1068,2026-05-27,TikTok Ads,20.19
ORD-12614,USR-1903,2026-04-17,Meta Ads,113.4
ORD-12615,USR-2297,2026-02-11,Google Ads,40.88
ORD-12616,USR-1356,2026-04-23,Meta Ads,89.65
ORD-12617,USR-2173,2026-03-20,Google Ads,46.29
ORD-12618,USR-1835,2026-02-28,TikTok Ads,17.77
ORD-12619,USR-1366,2026-02-26,Google Ads,98.61
ORD-12620,USR-2086,2026-02-24,TikTok Ads,43.72
ORD-12621,USR-1176,2026-02-24,Organic Search,49.33
ORD-12622,USR-2248,2026-03-14,TikTok Ads,66.88
ORD-12623,USR-1923,2026-01-09,Google Ads,38.51
ORD-12624,USR-1026,2026-01-28,Google Ads,106.72
ORD-12625,USR-1465,2026-03-26,Google Ads,105.8
ORD-12626,USR-2053,2026-01-12,TikTok Ads,18.23
ORD-12627,USR-2383,2026-03-26,Google Ads,115.08
ORD-12628,USR-2467,2026-06-29,Meta Ads,50.26
ORD-12629,USR-1420,2026-05-26,Google Ads,101.05
ORD-12630,USR-1467,2026-05-20,TikTok Ads,47.67
ORD-12631,USR-1958,2026-02-27,Google Ads,80.43
ORD-12632,USR-1822,2026-05-17,Meta Ads,60.72
ORD-12633,USR-2242,2026-04-26,Google Ads,83.2
ORD-12634,USR-1026,2026-04-10,Google Ads,89.55
ORD-12635,USR-1863,2026-02-02,Meta Ads,50.12
ORD-12636,USR-2209,2026-06-17,Direct,113.8
ORD-12637,USR-2011,2026-06-22,Direct,104.28
ORD-12638,USR-1543,2026-03-20,Google Ads,81.15
ORD-12639,USR-1609,2026-05-22,Google Ads,52.2
ORD-12640,USR-1554,2026-01-21,Meta Ads,117.53
ORD-12641,USR-1197,2026-02-15,Organic Search,101.49
ORD-12642,USR-1519,2026-06-10,Google Ads,64.59
ORD-12643,USR-1292,2026-05-25,TikTok Ads,48.78
ORD-12644,USR-1379,2026-04-27,Organic Search,107.17
ORD-12645,USR-1356,2026-01-06,Google Ads,57.96
ORD-12646,USR-1725,2026-05-14,Meta Ads,72.51
ORD-12647,USR-1839,2026-04-10,Meta Ads,35.34
ORD-12648,USR-2356,2026-05-17,TikTok Ads,49.15
ORD-12649,USR-2374,2026-02-01,Meta Ads,106.47
ORD-12650,USR-2436,2026-02-16,Meta Ads,108.54
ORD-12651,USR-1036,2026-01-19,Meta Ads,55.9
ORD-12652,USR-2051,2026-02-21,Google Ads,106.8
ORD-12653,USR-2442,2026-03-05,Direct,52.55
ORD-12654,USR-2495,2026-06-16,Meta Ads,109.79
ORD-12655,USR-1511,2026-01-15,Google Ads,90.01
ORD-12656,USR-1721,2026-04-28,Meta Ads,75.81
ORD-12657,USR-1100,2026-06-24,TikTok Ads,46.96
ORD-12658,USR-2371,2026-01-02,Google Ads,87.83
ORD-12659,USR-2443,2026-06-04,TikTok Ads,42.88
ORD-12660,USR-2464,2026-03-06,Google Ads,114.24
ORD-12661,USR-1789,2026-01-28,Meta Ads,108.6
ORD-12662,USR-1836,2026-05-27,Google Ads,56.21
ORD-12663,USR-1750,2026-06-16,Organic Search,108.95
ORD-12664,USR-1819,2026-04-11,TikTok Ads,71.8
ORD-12665,USR-2005,2026-01-24,Google Ads,64.4
ORD-12666,USR-1717,2026-01-10,TikTok Ads,61.66
ORD-12667,USR-2225,2026-01-27,Meta Ads,40.76
ORD-12668,USR-1239,2026-01-09,Google Ads,41.92
ORD-12669,USR-1198,2026-04-03,Meta Ads,16.47
ORD-12670,USR-2107,2026-01-07,Google Ads,74.59
ORD-12671,USR-2304,2026-02-09,Meta Ads,16.56
ORD-12672,USR-2365,2026-05-21,Meta Ads,112.09
ORD-12673,USR-1061,2026-04-22,Meta Ads,38.74
ORD-12674,USR-1255,2026-06-22,TikTok Ads,119.15
ORD-12675,USR-2370,2026-03-01,Meta Ads,35.27
ORD-12676,USR-1823,2026-04-13,Organic Search,116.63
ORD-12677,USR-2240,2026-02-24,TikTok Ads,28.96
ORD-12678,USR-2040,2026-02-05,Google Ads,118.11
ORD-12679,USR-1365,2026-02-17,Google Ads,71.5
ORD-12680,USR-1430,2026-06-26,Meta Ads,48.26
ORD-12681,USR-2433,2026-04-24,TikTok Ads,40.47
ORD-12682,USR-1899,2026-01-14,Meta Ads,16.17
ORD-12683,USR-1761,2026-02-01,Direct,39.26
ORD-12684,USR-1215,2026-01-20,Organic Search,56.44
ORD-12685,USR-1288,2026-06-04,Google Ads,81.57
ORD-12686,USR-2430,2026-05-17,Meta Ads,79.1
ORD-12687,USR-1780,2026-03-30,Organic Search,96.5
ORD-12688,USR-1012,2026-05-19,Meta Ads,32.37
ORD-12689,USR-1311,2026-03-25,Meta Ads,62.41
ORD-12690,USR-2467,2026-03-24,Meta Ads,106.11
ORD-12691,USR-1767,2026-06-18,Google Ads,59.78
ORD-12692,USR-1912,2026-06-06,Meta Ads,82.89
ORD-12693,USR-1564,2026-05-05,TikTok Ads,19.73
ORD-12694,USR-1948,2026-06-23,Meta Ads,117.57
ORD-12695,USR-2403,2026-06-22,Meta Ads,81.23
ORD-12696,USR-1153,2026-02-06,Google Ads,38.61
ORD-12697,USR-1798,2026-04-28,TikTok Ads,36.24
ORD-12698,USR-1142,2026-04-04,Meta Ads,99.67
ORD-12699,USR-1425,2026-01-20,TikTok Ads,66.85
ORD-12700,USR-2032,2026-06-11,Google Ads,89.21
ORD-12701,USR-1505,2026-06-02,TikTok Ads,38.1
ORD-12702,USR-2481,2026-03-25,Organic Search,51.17
ORD-12703,USR-1575,2026-03-04,Google Ads,101.03
ORD-12704,USR-2145,2026-05-09,Meta Ads,57.89
ORD-12705,USR-1405,2026-04-13,Meta Ads,51.88
ORD-12706,USR-2161,2026-03-11,Google Ads,77.5
ORD-12707,USR-2266,2026-04-08,Meta Ads,54.1
ORD-12708,USR-1307,2026-06-15,Google Ads,82.66
ORD-12709,USR-1932,2026-01-25,Meta Ads,89.09
ORD-12710,USR-1116,2026-04-06,Organic Search,36.18
ORD-12711,USR-1515,2026-01-20,TikTok Ads,20.8
ORD-12712,USR-1591,2026-01-20,Meta Ads,83.79
ORD-12713,USR-1058,2026-01-25,Meta Ads,34.35
ORD-12714,USR-2150,2026-02-07,Google Ads,27.77
ORD-12715,USR-1497,2026-01-03,Direct,68.2
ORD-12716,USR-2286,2026-05-22,Meta Ads,108.44
ORD-12717,USR-1359,2026-01-15,Google Ads,64.49
ORD-12718,USR-2245,2026-05-02,Google Ads,25.2
ORD-12719,USR-1753,2026-03-21,Google Ads,113.47
ORD-12720,USR-2212,2026-01-14,TikTok Ads,54.37
ORD-12721,USR-2284,2026-05-13,Meta Ads,44.46
ORD-12722,USR-1863,2026-01-05,TikTok Ads,68.63
ORD-12723,USR-1673,2026-01-19,TikTok Ads,63.34
ORD-12724,USR-2016,2026-01-17,Google Ads,35.61
ORD-12725,USR-2101,2026-05-26,TikTok Ads,103.83
ORD-12726,USR-2231,2026-02-19,Meta Ads,119.93
ORD-12727,USR-1521,2026-05-15,Meta Ads,92.66
ORD-12728,USR-2067,2026-05-11,Google Ads,57.54
ORD-12729,USR-1498,2026-05-22,Direct,60.76
ORD-12730,USR-2171,2026-06-29,Google Ads,68.93
ORD-12731,USR-2143,2026-06-21,TikTok Ads,44.88
ORD-12732,USR-1188,2026-03-07,TikTok Ads,33.4
ORD-12733,USR-1245,2026-04-08,Organic Search,65.56
ORD-12734,USR-1329,2026-02-02,Meta Ads,37.67
ORD-12735,USR-1078,2026-01-19,Direct,76.82
ORD-12736,USR-2028,2026-06-29,TikTok Ads,31.84
ORD-12737,USR-1356,2026-03-28,Google Ads,31.13
ORD-12738,USR-2211,2026-03-16,Google Ads,36.26
ORD-12739,USR-2361,2026-04-25,Meta Ads,21.32
ORD-12740,USR-1669,2026-02-19,TikTok Ads,86.25
ORD-12741,USR-1332,2026-01-31,Meta Ads,58.52
ORD-12742,USR-2129,2026-04-24,Organic Search,99.53
ORD-12743,USR-2491,2026-04-25,Meta Ads,54.01
ORD-12744,USR-2151,2026-01-08,Google Ads,60.47
ORD-12745,USR-2243,2026-01-07,Meta Ads,105.12
ORD-12746,USR-2332,2026-02-05,Meta Ads,84.48
ORD-12747,USR-1688,2026-03-28,Meta Ads,114.66
ORD-12748,USR-1418,2026-01-11,Meta Ads,110.12
ORD-12749,USR-1957,2026-03-16,Google Ads,96.01
ORD-12750,USR-1330,2026-06-02,Meta Ads,114.31
ORD-12751,USR-1969,2026-05-09,Google Ads,57.81
ORD-12752,USR-1529,2026-06-11,Organic Search,56.45
ORD-12753,USR-1638,2026-05-13,Google Ads,112.25
ORD-12754,USR-1694,2026-02-01,Meta Ads,90.78
ORD-12755,USR-1466,2026-03-22,Direct,31.67
ORD-12756,USR-1761,2026-06-13,TikTok Ads,113.44
ORD-12757,USR-1333,2026-02-21,Meta Ads,74.78
ORD-12758,USR-1788,2026-03-11,TikTok Ads,107.26
ORD-12759,USR-2118,2026-03-02,Google Ads,37.45
ORD-12760,USR-1185,2026-01-04,Meta Ads,106.36
ORD-12761,USR-1626,2026-03-10,Organic Search,79.54
ORD-12762,USR-1774,2026-01-09,Meta Ads,52.74
ORD-12763,USR-2106,2026-04-25,TikTok Ads,108.53
ORD-12764,USR-1489,2026-02-26,Meta Ads,68.13
ORD-12765,USR-2110,2026-06-08,Google Ads,107.08
ORD-12766,USR-1618,2026-05-11,Direct,68.83
ORD-12767,USR-1846,2026-04-03,Organic Search,63.96
ORD-12768,USR-1499,2026-05-29,Direct,35.31
ORD-12769,USR-1150,2026-01-10,Meta Ads,88.79
ORD-12770,USR-1251,2026-05-12,Organic Search,89.15
ORD-12771,USR-1192,2026-02-22,Google Ads,63.92
ORD-12772,USR-1146,2026-04-07,Organic Search,66.38
ORD-12773,USR-1683,2026-03-06,Meta Ads,23.99
ORD-12774,USR-2365,2026-03-18,Direct,81.2
ORD-12775,USR-2189,2026-06-21,Direct,75.31
ORD-12776,USR-2212,2026-02-21,Meta Ads,89.8
ORD-12777,USR-1888,2026-06-11,Google Ads,19.23
ORD-12778,USR-2183,2026-03-06,TikTok Ads,32.52
ORD-12779,USR-1351,2026-01-18,TikTok Ads,83.74
ORD-12780,USR-2405,2026-05-07,Google Ads,77.93
ORD-12781,USR-1033,2026-05-31,Meta Ads,90.35
ORD-12782,USR-1347,2026-04-05,Meta Ads,105.43
ORD-12783,USR-1526,2026-01-22,Meta Ads,24.56
ORD-12784,USR-1502,2026-06-02,Meta Ads,68.48
ORD-12785,USR-1451,2026-04-23,Meta Ads,116.43
ORD-12786,USR-1289,2026-01-14,TikTok Ads,57.86
ORD-12787,USR-1986,2026-01-09,TikTok Ads,21.42
ORD-12788,USR-1685,2026-06-12,Meta Ads,68.17
ORD-12789,USR-2282,2026-02-05,Google Ads,73.8
ORD-12790,USR-1240,2026-06-05,TikTok Ads,115.04
ORD-12791,USR-2165,2026-04-15,TikTok Ads,49.89
ORD-12792,USR-1007,2026-01-15,Meta Ads,16.16
ORD-12793,USR-1911,2026-06-28,Direct,106.87
ORD-12794,USR-2054,2026-01-06,Google Ads,92.08
ORD-12795,USR-1386,2026-06-06,TikTok Ads,17.53
ORD-12796,USR-2359,2026-04-24,TikTok Ads,64.02
ORD-12797,USR-1964,2026-02-02,Meta Ads,59.46
ORD-12798,USR-2451,2026-02-13,Organic Search,57.34
ORD-12799,USR-2379,2026-05-24,TikTok Ads,115.44
ORD-12800,USR-1434,2026-02-20,TikTok Ads,16.91
ORD-12801,USR-2096,2026-05-06,TikTok Ads,56.91
ORD-12802,USR-2365,2026-03-19,Organic Search,105.94
ORD-12803,USR-2029,2026-03-16,Meta Ads,74.14
ORD-12804,USR-1729,2026-05-28,Google Ads,109.5
ORD-12805,USR-2110,2026-02-25,Google Ads,95.54
ORD-12806,USR-1029,2026-05-31,Meta Ads,96.01
ORD-12807,USR-1304,2026-06-14,TikTok Ads,64.27
ORD-12808,USR-2310,2026-06-21,Meta Ads,104.7
ORD-12809,USR-1298,2026-05-29,Meta Ads,53.62
ORD-12810,USR-1206,2026-04-24,Meta Ads,33.74
ORD-12811,USR-1707,2026-06-06,Meta Ads,85.57
ORD-12812,USR-2133,2026-06-25,Google Ads,102.65
ORD-12813,USR-1085,2026-04-06,Google Ads,75.93
ORD-12814,USR-2135,2026-03-22,Meta Ads,80.72
ORD-12815,USR-2206,2026-01-15,TikTok Ads,114.08
ORD-12816,USR-2321,2026-01-10,Google Ads,73.22
ORD-12817,USR-1892,2026-04-05,Meta Ads,33.34
ORD-12818,USR-1968,2026-03-19,TikTok Ads,81.55
ORD-12819,USR-2415,2026-03-31,TikTok Ads,39.95
ORD-12820,USR-1085,2026-06-25,TikTok Ads,87.0
ORD-12821,USR-1619,2026-05-02,TikTok Ads,51.92
ORD-12822,USR-2408,2026-05-12,TikTok Ads,34.81
ORD-12823,USR-2226,2026-02-16,Organic Search,97.28
ORD-12824,USR-1339,2026-01-24,Direct,80.2
ORD-12825,USR-2109,2026-01-05,TikTok Ads,118.74
ORD-12826,USR-1602,2026-03-10,Organic Search,41.88
ORD-12827,USR-1527,2026-04-03,Meta Ads,119.79
ORD-12828,USR-1673,2026-05-20,TikTok Ads,43.88
ORD-12829,USR-1112,2026-05-31,Meta Ads,60.38
ORD-12830,USR-1381,2026-05-29,Google Ads,61.34
ORD-12831,USR-2401,2026-01-17,Google Ads,95.31
ORD-12832,USR-2078,2026-01-06,TikTok Ads,59.48
ORD-12833,USR-1613,2026-06-22,Organic Search,43.04
ORD-12834,USR-1602,2026-04-21,Google Ads,79.02
ORD-12835,USR-1706,2026-01-29,TikTok Ads,18.26
ORD-12836,USR-2290,2026-04-11,Google Ads,72.1
ORD-12837,USR-2090,2026-05-08,Meta Ads,67.71
ORD-12838,USR-1210,2026-05-17,Meta Ads,85.18
ORD-12839,USR-2428,2026-02-07,Google Ads,51.55
ORD-12840,USR-1304,2026-02-15,Organic Search,116.95
ORD-12841,USR-1157,2026-02-08,Meta Ads,74.87
ORD-12842,USR-1903,2026-06-09,Organic Search,43.84
ORD-12843,USR-1274,2026-04-25,Organic Search,79.29
ORD-12844,USR-2334,2026-06-07,TikTok Ads,36.85
ORD-12845,USR-2461,2026-03-18,Meta Ads,107.56
ORD-12846,USR-1121,2026-02-08,Meta Ads,95.12
ORD-12847,USR-1922,2026-04-22,Meta Ads,46.5
ORD-12848,USR-1518,2026-04-29,Meta Ads,94.94
ORD-12849,USR-1301,2026-04-20,Meta Ads,116.41
ORD-12850,USR-1287,2026-02-07,TikTok Ads,35.97
ORD-12851,USR-1049,2026-06-16,TikTok Ads,61.24
ORD-12852,USR-1564,2026-03-27,Meta Ads,48.38
ORD-12853,USR-2343,2026-04-27,TikTok Ads,47.19
ORD-12854,USR-2088,2026-05-17,Meta Ads,51.5
ORD-12855,USR-1897,2026-03-19,Meta Ads,91.08
ORD-12856,USR-1987,2026-05-22,Meta Ads,89.39
ORD-12857,USR-1519,2026-05-29,Organic Search,68.43
ORD-12858,USR-1282,2026-01-16,Meta Ads,114.21
ORD-12859,USR-1307,2026-05-26,TikTok Ads,62.77
ORD-12860,USR-1833,2026-02-22,TikTok Ads,105.36
ORD-12861,USR-1868,2026-01-31,Meta Ads,17.01
ORD-12862,USR-1950,2026-04-08,Meta Ads,30.58
ORD-12863,USR-1301,2026-01-17,Organic Search,101.77
ORD-12864,USR-2436,2026-05-09,Meta Ads,111.99
ORD-12865,USR-1689,2026-04-07,Meta Ads,63.63
ORD-12866,USR-2374,2026-06-11,Meta Ads,93.02
ORD-12867,USR-1359,2026-01-16,Google Ads,68.55
ORD-12868,USR-1211,2026-01-16,Organic Search,66.82
ORD-12869,USR-2053,2026-01-27,Direct,103.46
ORD-12870,USR-1425,2026-02-23,TikTok Ads,15.46
ORD-12871,USR-1455,2026-03-20,Google Ads,16.98
ORD-12872,USR-1102,2026-03-20,TikTok Ads,93.87
ORD-12873,USR-1643,2026-02-27,TikTok Ads,94.64
ORD-12874,USR-1037,2026-01-22,TikTok Ads,59.07
ORD-12875,USR-1240,2026-06-25,Meta Ads,111.78
ORD-12876,USR-1297,2026-02-19,Google Ads,60.59
ORD-12877,USR-1045,2026-05-20,Meta Ads,107.71
ORD-12878,USR-2067,2026-01-12,Meta Ads,55.26
ORD-12879,USR-1789,2026-01-17,Google Ads,87.31
ORD-12880,USR-2340,2026-02-22,Meta Ads,19.66
ORD-12881,USR-1914,2026-06-08,Direct,79.46
ORD-12882,USR-2021,2026-04-05,Direct,97.73
ORD-12883,USR-1854,2026-05-23,TikTok Ads,48.9
ORD-12884,USR-1294,2026-04-19,Organic Search,62.52
ORD-12885,USR-2166,2026-01-18,Organic Search,76.98
ORD-12886,USR-1328,2026-01-05,Google Ads,68.13
ORD-12887,USR-1835,2026-01-10,Meta Ads,25.45
ORD-12888,USR-1400,2026-03-19,Meta Ads,24.23
ORD-12889,USR-1362,2026-06-04,Direct,77.43
ORD-12890,USR-2358,2026-01-12,Google Ads,95.07
ORD-12891,USR-1307,2026-02-02,Direct,87.95
ORD-12892,USR-1864,2026-01-29,Google Ads,76.88
ORD-12893,USR-2320,2026-03-09,Google Ads,117.84
ORD-12894,USR-2269,2026-04-23,Organic Search,108.13
ORD-12895,USR-2427,2026-03-04,Direct,109.58
ORD-12896,USR-2010,2026-03-05,Meta Ads,46.43
ORD-12897,USR-1829,2026-02-08,Google Ads,73.19
ORD-12898,USR-1600,2026-05-11,Organic Search,94.6
ORD-12899,USR-1841,2026-03-20,Organic Search,80.3
ORD-12900,USR-2267,2026-02-08,Google Ads,118.53
ORD-12901,USR-1269,2026-03-09,Google Ads,64.33
ORD-12902,USR-1883,2026-03-18,Organic Search,73.46
ORD-12903,USR-2179,2026-03-30,Google Ads,85.57
ORD-12904,USR-1332,2026-01-17,TikTok Ads,87.07
ORD-12905,USR-2226,2026-03-21,Organic Search,21.15
ORD-12906,USR-1809,2026-06-18,Google Ads,34.18
ORD-12907,USR-1155,2026-04-19,Direct,48.02
ORD-12908,USR-1014,2026-01-15,Google Ads,73.55
ORD-12909,USR-2155,2026-03-16,Google Ads,57.29
ORD-12910,USR-1221,2026-02-21,Meta Ads,94.92
ORD-12911,USR-2180,2026-01-29,TikTok Ads,45.84
ORD-12912,USR-1682,2026-06-27,TikTok Ads,72.33
ORD-12913,USR-2330,2026-03-17,Direct,56.85
ORD-12914,USR-1896,2026-03-19,Google Ads,119.74
ORD-12915,USR-2059,2026-04-26,TikTok Ads,107.37
ORD-12916,USR-1672,2026-02-01,Meta Ads,66.29
ORD-12917,USR-2025,2026-06-16,TikTok Ads,112.77
ORD-12918,USR-1379,2026-06-06,TikTok Ads,54.71
ORD-12919,USR-1420,2026-03-12,Meta Ads,104.73
ORD-12920,USR-1030,2026-02-14,Google Ads,22.3
ORD-12921,USR-1426,2026-05-02,Meta Ads,103.03
ORD-12922,USR-1720,2026-01-15,Direct,117.0
ORD-12923,USR-2057,2026-01-20,Meta Ads,51.76
ORD-12924,USR-1753,2026-06-28,Organic Search,72.41
ORD-12925,USR-2049,2026-01-24,TikTok Ads,62.46
ORD-12926,USR-1494,2026-03-12,Organic Search,63.54
ORD-12927,USR-1207,2026-04-26,Google Ads,19.52
ORD-12928,USR-2126,2026-01-06,Organic Search,33.93
ORD-12929,USR-1243,2026-06-16,Organic Search,86.31
ORD-12930,USR-1036,2026-02-24,Google Ads,105.4
ORD-12931,USR-1351,2026-04-27,Google Ads,104.1
ORD-12932,USR-1862,2026-04-15,Meta Ads,60.36
ORD-12933,USR-1041,2026-01-04,Meta Ads,15.41
ORD-12934,USR-2081,2026-01-15,Organic Search,69.66
ORD-12935,USR-1925,2026-02-08,Meta Ads,30.92
ORD-12936,USR-1051,2026-06-06,Organic Search,47.08
ORD-12937,USR-2113,2026-06-12,Meta Ads,108.93
ORD-12938,USR-2265,2026-04-05,TikTok Ads,84.7
ORD-12939,USR-1508,2026-02-21,Meta Ads,97.37
ORD-12940,USR-1820,2026-06-01,Google Ads,109.47
ORD-12941,USR-2139,2026-03-13,Google Ads,94.69
ORD-12942,USR-2264,2026-03-16,Google Ads,88.57
ORD-12943,USR-1015,2026-03-11,TikTok Ads,28.57
ORD-12944,USR-1282,2026-04-17,Meta Ads,54.64
ORD-12945,USR-2266,2026-06-04,TikTok Ads,32.55
ORD-12946,USR-1389,2026-01-03,Meta Ads,104.83
ORD-12947,USR-2240,2026-06-19,Meta Ads,53.03
ORD-12948,USR-2343,2026-03-27,TikTok Ads,47.24
ORD-12949,USR-1598,2026-04-24,TikTok Ads,72.94
ORD-12950,USR-1094,2026-01-25,Meta Ads,78.19
ORD-12951,USR-2489,2026-02-15,Meta Ads,65.98
ORD-12952,USR-1527,2026-06-13,Google Ads,112.54
ORD-12953,USR-1380,2026-03-16,TikTok Ads,104.93
ORD-12954,USR-1953,2026-02-07,TikTok Ads,57.07
ORD-12955,USR-2207,2026-02-01,Organic Search,107.98
ORD-12956,USR-1870,2026-03-15,Meta Ads,70.27
ORD-12957,USR-1329,2026-04-24,Organic Search,55.03
ORD-12958,USR-1604,2026-06-22,Meta Ads,108.42
ORD-12959,USR-1592,2026-02-19,Meta Ads,119.87
ORD-12960,USR-1827,2026-04-27,Organic Search,105.13
ORD-12961,USR-2337,2026-05-29,Organic Search,98.49
ORD-12962,USR-1613,2026-02-14,Meta Ads,75.3
ORD-12963,USR-1204,2026-02-21,Direct,30.17
ORD-12964,USR-2037,2026-01-01,Direct,33.09
ORD-12965,USR-1039,2026-03-22,Google Ads,37.92
ORD-12966,USR-1008,2026-06-11,Meta Ads,93.6
ORD-12967,USR-1357,2026-01-21,Direct,21.17
ORD-12968,USR-1701,2026-01-25,Meta Ads,83.62
ORD-12969,USR-1331,2026-02-26,Meta Ads,105.8
ORD-12970,USR-2052,2026-01-20,Meta Ads,63.75
ORD-12971,USR-1282,2026-05-28,Meta Ads,24.44
ORD-12972,USR-2478,2026-02-13,Google Ads,26.2
ORD-12973,USR-1609,2026-03-28,Meta Ads,55.12
ORD-12974,USR-2430,2026-05-12,Direct,41.87
ORD-12975,USR-2179,2026-02-03,Organic Search,87.4
ORD-12976,USR-1716,2026-04-22,Google Ads,57.29
ORD-12977,USR-2140,2026-02-24,Meta Ads,41.54
ORD-12978,USR-2499,2026-01-26,TikTok Ads,66.81
ORD-12979,USR-1958,2026-06-29,Google Ads,35.31
ORD-12980,USR-1617,2026-01-27,TikTok Ads,42.77
ORD-12981,USR-1180,2026-01-11,TikTok Ads,88.38
ORD-12982,USR-1259,2026-01-18,Google Ads,43.82
ORD-12983,USR-1951,2026-04-26,TikTok Ads,112.56
ORD-12984,USR-1933,2026-06-04,TikTok Ads,118.42
ORD-12985,USR-1532,2026-01-01,Meta Ads,15.59
ORD-12986,USR-1415,2026-02-19,Meta Ads,90.1
ORD-12987,USR-1387,2026-04-18,Organic Search,94.22
ORD-12988,USR-1704,2026-04-07,Google Ads,106.1
ORD-12989,USR-2157,2026-02-23,Organic Search,114.15
ORD-12990,USR-1362,2026-04-19,Meta Ads,74.36
ORD-12991,USR-1664,2026-02-20,TikTok Ads,81.58
ORD-12992,USR-2178,2026-05-25,TikTok Ads,16.07
ORD-12993,USR-1847,2026-03-22,Google Ads,26.59
ORD-12994,USR-1903,2026-02-03,Meta Ads,106.24
ORD-12995,USR-1409,2026-01-05,Meta Ads,55.33
ORD-12996,USR-1904,2026-01-23,Meta Ads,117.41
ORD-12997,USR-2252,2026-04-02,TikTok Ads,106.44
ORD-12998,USR-2199,2026-02-02,TikTok Ads,60.13
ORD-12999,USR-1752,2026-04-18,Google Ads,15.59
ORD-13000,USR-1826,2026-01-14,TikTok Ads,64.38
ORD-13001,USR-1105,2026-02-13,TikTok Ads,85.68
ORD-13002,USR-2373,2026-05-05,Google Ads,44.17
ORD-13003,USR-1259,2026-06-23,Direct,75.68
ORD-13004,USR-1284,2026-01-29,TikTok Ads,90.12
ORD-13005,USR-1378,2026-06-12,Meta Ads,46.52
ORD-13006,USR-1943,2026-02-15,Meta Ads,73.64
ORD-13007,USR-1212,2026-03-07,Meta Ads,96.2
ORD-13008,USR-2135,2026-06-25,Meta Ads,60.17
ORD-13009,USR-1182,2026-02-05,Organic Search,100.88
ORD-13010,USR-1454,2026-06-14,Meta Ads,40.55
ORD-13011,USR-1057,2026-01-22,Meta Ads,97.63
ORD-13012,USR-1841,2026-04-16,Direct,70.99
ORD-13013,USR-1196,2026-06-03,Organic Search,96.73
ORD-13014,USR-1999,2026-01-18,Meta Ads,16.29
ORD-13015,USR-1334,2026-06-09,Google Ads,85.42
ORD-13016,USR-2107,2026-06-25,Google Ads,18.21
ORD-13017,USR-1318,2026-05-14,Meta Ads,113.2
ORD-13018,USR-2311,2026-05-08,Organic Search,115.18
ORD-13019,USR-1012,2026-06-29,Google Ads,57.77
ORD-13020,USR-2093,2026-01-14,Google Ads,43.67
ORD-13021,USR-1216,2026-03-30,Organic Search,89.28
ORD-13022,USR-1031,2026-02-01,Direct,118.81
ORD-13023,USR-2302,2026-04-01,Meta Ads,91.29
ORD-13024,USR-1147,2026-05-29,TikTok Ads,62.71
ORD-13025,USR-2302,2026-06-26,Meta Ads,113.36
ORD-13026,USR-2151,2026-05-09,Organic Search,81.67
ORD-13027,USR-2283,2026-06-29,Google Ads,32.82
ORD-13028,USR-1520,2026-05-15,Meta Ads,26.67
ORD-13029,USR-2129,2026-02-02,Direct,56.79
ORD-13030,USR-1703,2026-03-26,Google Ads,21.75
ORD-13031,USR-2211,2026-05-17,Meta Ads,63.36
ORD-13032,USR-2286,2026-01-04,Google Ads,27.77
ORD-13033,USR-1740,2026-01-24,TikTok Ads,86.52
ORD-13034,USR-2458,2026-06-21,Google Ads,119.53
ORD-13035,USR-1996,2026-02-21,Google Ads,25.7
ORD-13036,USR-1660,2026-02-15,Direct,90.8
ORD-13037,USR-1785,2026-02-17,TikTok Ads,118.86
ORD-13038,USR-1726,2026-02-17,Google Ads,103.44
ORD-13039,USR-2048,2026-04-12,Meta Ads,33.56
ORD-13040,USR-1560,2026-05-21,Organic Search,48.97
ORD-13041,USR-2297,2026-06-24,Google Ads,87.43
ORD-13042,USR-1518,2026-06-09,Meta Ads,61.2
ORD-13043,USR-1089,2026-04-22,TikTok Ads,58.69
ORD-13044,USR-1981,2026-06-08,Organic Search,44.16
ORD-13045,USR-1500,2026-04-01,Meta Ads,93.89
ORD-13046,USR-2447,2026-05-28,Organic Search,25.33
ORD-13047,USR-1469,2026-01-14,Google Ads,119.3
ORD-13048,USR-1109,2026-04-03,Meta Ads,87.91
ORD-13049,USR-2269,2026-06-11,Organic Search,86.24
ORD-13050,USR-2089,2026-02-21,TikTok Ads,19.77
ORD-13051,USR-2056,2026-03-10,Organic Search,35.6
ORD-13052,USR-2131,2026-03-29,Google Ads,25.5
ORD-13053,USR-1560,2026-06-26,Google Ads,24.97
ORD-13054,USR-1178,2026-04-05,Google Ads,31.6
ORD-13055,USR-1968,2026-04-18,Google Ads,111.29
ORD-13056,USR-2499,2026-06-06,Organic Search,29.89
ORD-13057,USR-2269,2026-03-13,Meta Ads,56.13
ORD-13058,USR-1968,2026-06-05,Direct,96.35
ORD-13059,USR-1906,2026-01-04,Meta Ads,31.34
ORD-13060,USR-1774,2026-01-13,Google Ads,15.49
ORD-13061,USR-2053,2026-03-05,Meta Ads,22.42
ORD-13062,USR-1934,2026-06-05,TikTok Ads,86.4
ORD-13063,USR-1167,2026-05-23,Meta Ads,112.44
ORD-13064,USR-1606,2026-04-16,Organic Search,117.82
ORD-13065,USR-2230,2026-06-20,Direct,38.6
ORD-13066,USR-2430,2026-02-17,Meta Ads,102.85
ORD-13067,USR-1551,2026-05-10,Meta Ads,89.07
ORD-13068,USR-2372,2026-01-16,Organic Search,46.13
ORD-13069,USR-1507,2026-05-14,Meta Ads,17.76
ORD-13070,USR-1625,2026-04-05,Google Ads,67.75
ORD-13071,USR-1154,2026-05-09,Direct,20.13
ORD-13072,USR-1066,2026-01-27,Meta Ads,94.01
ORD-13073,USR-1884,2026-05-15,TikTok Ads,63.1
ORD-13074,USR-1941,2026-06-20,Google Ads,25.03
ORD-13075,USR-1248,2026-03-22,Direct,39.34
ORD-13076,USR-1834,2026-03-04,Meta Ads,83.29
ORD-13077,USR-1813,2026-05-18,TikTok Ads,68.54
ORD-13078,USR-1995,2026-03-16,Google Ads,28.01
ORD-13079,USR-1452,2026-06-15,Google Ads,36.87
ORD-13080,USR-2392,2026-03-14,Meta Ads,59.98
ORD-13081,USR-1887,2026-01-12,Google Ads,105.66
ORD-13082,USR-1626,2026-05-14,Google Ads,40.82
ORD-13083,USR-1267,2026-01-09,Google Ads,91.02
ORD-13084,USR-2352,2026-03-03,Google Ads,85.47
ORD-13085,USR-2405,2026-05-15,Google Ads,37.16
ORD-13086,USR-1091,2026-01-02,Organic Search,80.88
ORD-13087,USR-1564,2026-05-29,Google Ads,72.67
ORD-13088,USR-1233,2026-01-09,TikTok Ads,104.15
ORD-13089,USR-1196,2026-03-23,Organic Search,33.61
ORD-13090,USR-1222,2026-01-17,TikTok Ads,51.77
ORD-13091,USR-1256,2026-01-18,Meta Ads,26.85
ORD-13092,USR-1417,2026-02-20,TikTok Ads,94.69
ORD-13093,USR-1809,2026-05-09,Google Ads,34.53
ORD-13094,USR-1038,2026-02-23,TikTok Ads,89.25
ORD-13095,USR-1812,2026-05-30,Direct,51.27
ORD-13096,USR-2146,2026-03-13,Organic Search,107.15
ORD-13097,USR-1189,2026-03-16,Google Ads,31.2
ORD-13098,USR-1098,2026-04-13,Meta Ads,38.78
ORD-13099,USR-1055,2026-04-17,Direct,98.54
ORD-13100,USR-1521,2026-01-22,Meta Ads,39.38
ORD-13101,USR-1122,2026-05-03,Organic Search,95.1
ORD-13102,USR-2090,2026-05-18,Organic Search,25.59
ORD-13103,USR-1660,2026-04-16,Direct,36.95
ORD-13104,USR-1761,2026-05-11,TikTok Ads,115.54
ORD-13105,USR-2183,2026-03-13,Meta Ads,87.47
ORD-13106,USR-1110,2026-01-21,Direct,85.71
ORD-13107,USR-1193,2026-01-27,Meta Ads,23.15
ORD-13108,USR-2393,2026-03-27,Meta Ads,80.96
ORD-13109,USR-1813,2026-05-11,Meta Ads,51.1
ORD-13110,USR-1132,2026-01-13,Google Ads,61.89
ORD-13111,USR-1037,2026-02-07,Google Ads,22.89
ORD-13112,USR-1616,2026-03-04,Meta Ads,84.76
ORD-13113,USR-2241,2026-03-18,Google Ads,78.58
ORD-13114,USR-1382,2026-02-24,Organic Search,44.18
ORD-13115,USR-1292,2026-04-25,TikTok Ads,22.63
ORD-13116,USR-2366,2026-01-19,Direct,79.47
ORD-13117,USR-1132,2026-06-29,Meta Ads,77.29
ORD-13118,USR-2264,2026-05-14,Direct,116.37
ORD-13119,USR-1959,2026-01-04,Google Ads,103.96
ORD-13120,USR-2241,2026-06-14,Meta Ads,116.79
ORD-13121,USR-2028,2026-06-17,TikTok Ads,95.08
ORD-13122,USR-1854,2026-04-14,Organic Search,109.31
ORD-13123,USR-2330,2026-05-10,Organic Search,39.42
ORD-13124,USR-1953,2026-01-31,Meta Ads,119.12
ORD-13125,USR-1561,2026-02-25,TikTok Ads,15.52
ORD-13126,USR-2061,2026-01-01,Google Ads,22.9
ORD-13127,USR-2207,2026-03-30,Google Ads,97.4
ORD-13128,USR-2339,2026-05-07,Google Ads,23.65
ORD-13129,USR-1907,2026-03-30,Meta Ads,39.11
ORD-13130,USR-1437,2026-04-25,Meta Ads,22.09
ORD-13131,USR-1845,2026-05-19,Direct,80.01
ORD-13132,USR-2315,2026-01-17,TikTok Ads,25.8
ORD-13133,USR-1792,2026-01-16,Organic Search,29.01
ORD-13134,USR-1517,2026-06-06,Meta Ads,23.64
ORD-13135,USR-1231,2026-06-16,Meta Ads,96.48
ORD-13136,USR-2300,2026-03-06,Meta Ads,71.18
ORD-13137,USR-1365,2026-02-02,Google Ads,115.46
ORD-13138,USR-2232,2026-06-21,Direct,58.16
ORD-13139,USR-1947,2026-03-15,Google Ads,61.88
ORD-13140,USR-1913,2026-03-06,Meta Ads,98.09
ORD-13141,USR-2416,2026-02-18,Meta Ads,112.65
ORD-13142,USR-1070,2026-04-17,Meta Ads,78.15
ORD-13143,USR-1367,2026-03-16,Direct,66.22
ORD-13144,USR-1987,2026-05-23,TikTok Ads,45.64
ORD-13145,USR-2208,2026-01-04,Google Ads,50.59
ORD-13146,USR-1201,2026-04-20,Meta Ads,58.09
ORD-13147,USR-1489,2026-04-27,Organic Search,41.92
ORD-13148,USR-1785,2026-01-15,Google Ads,60.25
ORD-13149,USR-2175,2026-03-17,Google Ads,47.73
ORD-13150,USR-1378,2026-06-07,Meta Ads,64.2
ORD-13151,USR-2107,2026-06-21,Meta Ads,49.43
ORD-13152,USR-2332,2026-04-06,Meta Ads,16.8
ORD-13153,USR-1813,2026-01-22,TikTok Ads,47.96
ORD-13154,USR-1388,2026-04-11,Google Ads,59.06
ORD-13155,USR-2486,2026-03-15,Meta Ads,108.87
ORD-13156,USR-1277,2026-01-08,Direct,76.67
ORD-13157,USR-1605,2026-03-13,TikTok Ads,75.72
ORD-13158,USR-2366,2026-03-28,Organic Search,25.88
ORD-13159,USR-2376,2026-06-24,Organic Search,50.97
ORD-13160,USR-1225,2026-04-02,Organic Search,98.29
ORD-13161,USR-1023,2026-01-31,Direct,48.98
ORD-13162,USR-1113,2026-06-10,Organic Search,100.26
ORD-13163,USR-1356,2026-06-09,Meta Ads,21.74
ORD-13164,USR-1146,2026-04-29,Organic Search,41.53
ORD-13165,USR-1542,2026-02-11,Direct,37.22
ORD-13166,USR-1903,2026-06-15,TikTok Ads,97.24
ORD-13167,USR-1507,2026-03-16,Meta Ads,49.28
ORD-13168,USR-2038,2026-01-09,TikTok Ads,30.55
ORD-13169,USR-1492,2026-04-07,Google Ads,95.33
ORD-13170,USR-2364,2026-01-21,Organic Search,74.63
ORD-13171,USR-2497,2026-06-25,Organic Search,21.71
ORD-13172,USR-1788,2026-06-12,TikTok Ads,109.59
ORD-13173,USR-1120,2026-02-08,TikTok Ads,67.58
ORD-13174,USR-1560,2026-01-06,Google Ads,16.66
ORD-13175,USR-1659,2026-03-06,Google Ads,86.6
ORD-13176,USR-2450,2026-03-06,TikTok Ads,27.6
ORD-13177,USR-1710,2026-03-15,Organic Search,55.09
ORD-13178,USR-1452,2026-01-12,TikTok Ads,71.23
ORD-13179,USR-1208,2026-02-03,Google Ads,70.45
ORD-13180,USR-2059,2026-03-06,Meta Ads,34.93
ORD-13181,USR-1402,2026-05-27,Meta Ads,116.96
ORD-13182,USR-2362,2026-03-10,Meta Ads,107.41
ORD-13183,USR-1843,2026-02-05,Google Ads,29.99
ORD-13184,USR-1033,2026-02-20,Meta Ads,75.18
ORD-13185,USR-1700,2026-02-18,TikTok Ads,117.68
ORD-13186,USR-1023,2026-04-19,Direct,63.93
ORD-13187,USR-2033,2026-02-28,Google Ads,63.17
ORD-13188,USR-1087,2026-05-06,TikTok Ads,34.82
ORD-13189,USR-1430,2026-01-21,Organic Search,48.42
ORD-13190,USR-1241,2026-06-24,Google Ads,46.91
ORD-13191,USR-1387,2026-03-07,Meta Ads,110.89
ORD-13192,USR-1985,2026-06-08,Meta Ads,75.55
ORD-13193,USR-1439,2026-04-21,Direct,47.38
ORD-13194,USR-2212,2026-02-05,TikTok Ads,98.08
ORD-13195,USR-1381,2026-02-28,Meta Ads,24.01
ORD-13196,USR-2154,2026-03-03,Google Ads,116.86
ORD-13197,USR-2463,2026-04-01,TikTok Ads,82.56
ORD-13198,USR-2221,2026-06-12,Meta Ads,77.45
ORD-13199,USR-2355,2026-01-01,Meta Ads,78.57
ORD-13200,USR-1060,2026-06-02,Meta Ads,45.69
ORD-13201,USR-2269,2026-01-18,TikTok Ads,51.69
ORD-13202,USR-1693,2026-02-10,Google Ads,43.57
ORD-13203,USR-2254,2026-05-23,TikTok Ads,104.58
ORD-13204,USR-1275,2026-03-21,Meta Ads,92.58
ORD-13205,USR-1738,2026-04-30,Google Ads,103.2
ORD-13206,USR-1723,2026-05-10,Organic Search,88.47
ORD-13207,USR-2432,2026-02-25,Meta Ads,83.84
ORD-13208,USR-2003,2026-02-22,Organic Search,90.39
ORD-13209,USR-2281,2026-04-22,TikTok Ads,54.45
ORD-13210,USR-1956,2026-04-04,TikTok Ads,41.3
ORD-13211,USR-2303,2026-05-06,Organic Search,54.28
ORD-13212,USR-1180,2026-06-14,Meta Ads,52.84
ORD-13213,USR-1884,2026-05-19,Google Ads,22.5
ORD-13214,USR-1003,2026-03-26,Google Ads,108.51
ORD-13215,USR-1762,2026-03-02,Organic Search,57.42
ORD-13216,USR-1118,2026-05-26,Organic Search,15.13
ORD-13217,USR-1360,2026-06-24,Meta Ads,35.15
ORD-13218,USR-1218,2026-02-10,Meta Ads,47.91
ORD-13219,USR-1684,2026-03-18,Google Ads,84.49
ORD-13220,USR-1595,2026-06-22,Meta Ads,108.37
ORD-13221,USR-1349,2026-05-13,TikTok Ads,58.59
ORD-13222,USR-1983,2026-01-13,TikTok Ads,17.06
ORD-13223,USR-1404,2026-03-13,Google Ads,45.39
ORD-13224,USR-1394,2026-01-26,Google Ads,76.03
ORD-13225,USR-1861,2026-05-05,Organic Search,94.37
ORD-13226,USR-1832,2026-02-07,Meta Ads,109.73
ORD-13227,USR-1285,2026-06-05,TikTok Ads,91.1
ORD-13228,USR-1653,2026-04-23,Google Ads,116.57
ORD-13229,USR-1914,2026-01-08,Meta Ads,67.89
ORD-13230,USR-2178,2026-06-06,Meta Ads,75.04
ORD-13231,USR-1136,2026-06-03,Meta Ads,55.04
ORD-13232,USR-1242,2026-06-29,Organic Search,42.68
ORD-13233,USR-2410,2026-05-16,TikTok Ads,114.53
ORD-13234,USR-1690,2026-06-20,Meta Ads,82.06
ORD-13235,USR-2105,2026-06-03,TikTok Ads,18.3
ORD-13236,USR-1375,2026-04-22,Google Ads,73.55
ORD-13237,USR-1041,2026-04-25,Google Ads,55.49
ORD-13238,USR-2165,2026-02-20,TikTok Ads,96.62
ORD-13239,USR-2239,2026-01-27,Meta Ads,25.55
ORD-13240,USR-2436,2026-03-27,Meta Ads,69.81
ORD-13241,USR-1456,2026-01-21,Meta Ads,90.71
ORD-13242,USR-1183,2026-06-03,Google Ads,36.18
ORD-13243,USR-2096,2026-02-05,Meta Ads,65.3
ORD-13244,USR-2253,2026-03-10,Google Ads,45.12
ORD-13245,USR-1083,2026-04-17,Google Ads,71.48
ORD-13246,USR-1222,2026-02-06,Meta Ads,103.48
ORD-13247,USR-1425,2026-05-29,TikTok Ads,117.59
ORD-13248,USR-1525,2026-05-16,Meta Ads,51.27
ORD-13249,USR-1465,2026-01-21,Meta Ads,40.69
ORD-13250,USR-2183,2026-03-05,Organic Search,22.3
ORD-13251,USR-2184,2026-04-29,Meta Ads,113.9
ORD-13252,USR-1690,2026-05-26,Meta Ads,112.04
ORD-13253,USR-1370,2026-01-10,Meta Ads,90.48
ORD-13254,USR-1735,2026-06-16,TikTok Ads,71.22
ORD-13255,USR-2066,2026-05-30,Meta Ads,94.64
ORD-13256,USR-2054,2026-04-16,Google Ads,22.54
ORD-13257,USR-1440,2026-05-08,Google Ads,20.42
ORD-13258,USR-1759,2026-05-10,TikTok Ads,95.15
ORD-13259,USR-1162,2026-05-29,Meta Ads,93.52
ORD-13260,USR-1238,2026-03-12,Organic Search,54.24
ORD-13261,USR-1109,2026-01-22,TikTok Ads,37.47
ORD-13262,USR-2001,2026-02-13,Google Ads,69.07
ORD-13263,USR-1584,2026-01-09,TikTok Ads,41.32
ORD-13264,USR-1569,2026-02-14,Organic Search,44.83
ORD-13265,USR-1074,2026-01-19,Google Ads,93.97
ORD-13266,USR-2041,2026-06-10,TikTok Ads,98.16
ORD-13267,USR-1743,2026-02-12,Meta Ads,20.25
ORD-13268,USR-2326,2026-01-28,Meta Ads,32.6
ORD-13269,USR-1757,2026-06-08,Meta Ads,26.83
ORD-13270,USR-1895,2026-02-20,Meta Ads,21.14
ORD-13271,USR-1068,2026-01-25,TikTok Ads,109.89
ORD-13272,USR-1706,2026-04-15,TikTok Ads,27.69
ORD-13273,USR-2345,2026-05-25,Google Ads,37.9
ORD-13274,USR-1927,2026-01-24,Meta Ads,86.92
ORD-13275,USR-1961,2026-04-15,Meta Ads,92.09
ORD-13276,USR-1234,2026-03-26,Direct,15.59
ORD-13277,USR-2312,2026-01-07,Google Ads,34.59
ORD-13278,USR-2373,2026-05-25,Google Ads,24.59
ORD-13279,USR-1963,2026-06-23,Meta Ads,54.05
ORD-13280,USR-1352,2026-04-05,Organic Search,33.19
ORD-13281,USR-2251,2026-04-29,TikTok Ads,102.89
ORD-13282,USR-1284,2026-02-21,TikTok Ads,37.4
ORD-13283,USR-1931,2026-04-14,Google Ads,80.16
ORD-13284,USR-1123,2026-03-10,TikTok Ads,44.05
ORD-13285,USR-1128,2026-03-24,TikTok Ads,47.48
ORD-13286,USR-1070,2026-05-07,Google Ads,76.59
ORD-13287,USR-1165,2026-01-03,Meta Ads,51.01
ORD-13288,USR-1836,2026-06-27,Meta Ads,79.48
ORD-13289,USR-1302,2026-04-30,TikTok Ads,80.92
ORD-13290,USR-1020,2026-05-31,Meta Ads,55.9
ORD-13291,USR-2293,2026-01-17,Meta Ads,60.16
ORD-13292,USR-2285,2026-02-19,Google Ads,117.58
ORD-13293,USR-2476,2026-01-06,TikTok Ads,66.58
ORD-13294,USR-1396,2026-06-28,TikTok Ads,65.51
ORD-13295,USR-2120,2026-04-26,Google Ads,21.09
ORD-13296,USR-1185,2026-06-22,TikTok Ads,100.79
ORD-13297,USR-1053,2026-01-29,Meta Ads,64.66
ORD-13298,USR-1113,2026-04-27,Meta Ads,25.56
ORD-13299,USR-2316,2026-06-13,Meta Ads,119.56
ORD-13300,USR-2230,2026-04-29,TikTok Ads,54.5
ORD-13301,USR-1223,2026-01-06,Google Ads,72.86
ORD-13302,USR-1552,2026-05-25,Meta Ads,119.9
ORD-13303,USR-1958,2026-02-19,TikTok Ads,25.54
ORD-13304,USR-1629,2026-06-21,Meta Ads,80.66
ORD-13305,USR-2179,2026-02-13,Google Ads,111.48
ORD-13306,USR-2097,2026-01-18,Direct,40.18
ORD-13307,USR-1178,2026-03-14,Direct,62.22
ORD-13308,USR-1820,2026-04-23,Direct,65.24
ORD-13309,USR-2120,2026-01-12,Google Ads,99.25
ORD-13310,USR-1258,2026-01-07,Organic Search,51.38
ORD-13311,USR-2222,2026-05-14,Meta Ads,80.57
ORD-13312,USR-1917,2026-04-01,TikTok Ads,112.82
ORD-13313,USR-1626,2026-03-02,Google Ads,29.67
ORD-13314,USR-1276,2026-03-29,TikTok Ads,91.64
ORD-13315,USR-1246,2026-01-21,Google Ads,59.68
ORD-13316,USR-2120,2026-01-27,Organic Search,32.99
ORD-13317,USR-2472,2026-02-13,Google Ads,110.26
ORD-13318,USR-1497,2026-05-25,Google Ads,46.09
ORD-13319,USR-1462,2026-03-13,Organic Search,66.3
ORD-13320,USR-2150,2026-05-10,Meta Ads,50.65
ORD-13321,USR-2341,2026-01-31,TikTok Ads,97.28
ORD-13322,USR-1310,2026-04-17,Google Ads,90.09
ORD-13323,USR-1497,2026-04-22,Google Ads,59.68
ORD-13324,USR-1206,2026-03-06,Organic Search,50.01
ORD-13325,USR-2366,2026-01-21,Organic Search,105.37
ORD-13326,USR-1388,2026-04-30,Organic Search,109.44
ORD-13327,USR-1711,2026-05-01,Google Ads,108.46
ORD-13328,USR-1648,2026-03-30,Google Ads,119.6
ORD-13329,USR-2369,2026-01-10,TikTok Ads,67.48
ORD-13330,USR-1618,2026-03-01,Google Ads,20.88
ORD-13331,USR-1501,2026-05-23,TikTok Ads,89.72
ORD-13332,USR-2046,2026-02-22,Direct,79.39
ORD-13333,USR-1851,2026-02-15,Google Ads,28.16
ORD-13334,USR-1088,2026-02-21,Organic Search,107.55
ORD-13335,USR-1177,2026-04-29,Google Ads,22.76
ORD-13336,USR-2082,2026-06-05,TikTok Ads,80.28
ORD-13337,USR-2404,2026-06-21,Meta Ads,109.65
ORD-13338,USR-1920,2026-02-16,TikTok Ads,94.35
ORD-13339,USR-1050,2026-01-15,Meta Ads,70.43
ORD-13340,USR-1634,2026-05-04,Google Ads,78.35
ORD-13341,USR-1532,2026-03-11,Organic Search,47.75
ORD-13342,USR-2463,2026-05-15,TikTok Ads,91.22
ORD-13343,USR-2384,2026-05-31,Meta Ads,62.51
ORD-13344,USR-2316,2026-04-14,Meta Ads,35.94
ORD-13345,USR-1854,2026-02-15,Meta Ads,59.74
ORD-13346,USR-1176,2026-01-03,Direct,67.84
ORD-13347,USR-1219,2026-01-22,Organic Search,81.46
ORD-13348,USR-1760,2026-05-14,Meta Ads,20.51
ORD-13349,USR-1929,2026-04-23,TikTok Ads,33.03
ORD-13350,USR-2405,2026-02-23,Google Ads,51.12
ORD-13351,USR-2217,2026-06-15,Google Ads,15.64
ORD-13352,USR-1674,2026-03-20,Meta Ads,110.41
ORD-13353,USR-2037,2026-04-01,Organic Search,26.58
ORD-13354,USR-1018,2026-06-29,Direct,87.76
ORD-13355,USR-2439,2026-01-04,Direct,75.07
ORD-13356,USR-2225,2026-03-08,Direct,35.36
ORD-13357,USR-2496,2026-01-22,Direct,31.9
ORD-13358,USR-2055,2026-05-16,TikTok Ads,81.92
ORD-13359,USR-2259,2026-01-04,Google Ads,115.7
ORD-13360,USR-1742,2026-05-01,TikTok Ads,71.71
ORD-13361,USR-2316,2026-03-04,Meta Ads,76.12
ORD-13362,USR-1621,2026-03-15,TikTok Ads,81.3
ORD-13363,USR-1555,2026-05-19,Meta Ads,41.81
ORD-13364,USR-1566,2026-05-02,Meta Ads,47.02
ORD-13365,USR-1230,2026-05-09,Google Ads,25.38
ORD-13366,USR-1354,2026-04-05,Meta Ads,71.42
ORD-13367,USR-2056,2026-02-21,TikTok Ads,72.46
ORD-13368,USR-1391,2026-03-16,TikTok Ads,36.81
ORD-13369,USR-2294,2026-03-17,TikTok Ads,102.61
ORD-13370,USR-2197,2026-06-15,Direct,30.81
ORD-13371,USR-1890,2026-03-02,Google Ads,49.57
ORD-13372,USR-1363,2026-05-30,Meta Ads,43.83
ORD-13373,USR-1788,2026-02-08,Meta Ads,43.95
ORD-13374,USR-1460,2026-02-17,Meta Ads,35.4
ORD-13375,USR-2428,2026-05-08,Direct,78.14
ORD-13376,USR-2438,2026-03-20,Meta Ads,111.04
ORD-13377,USR-1887,2026-06-06,Meta Ads,105.55
ORD-13378,USR-1433,2026-03-29,Direct,114.81
ORD-13379,USR-2025,2026-01-31,Direct,83.62
ORD-13380,USR-1715,2026-04-04,Meta Ads,35.08
ORD-13381,USR-1398,2026-03-31,Google Ads,46.18
ORD-13382,USR-1130,2026-05-05,Meta Ads,25.4
ORD-13383,USR-1944,2026-05-04,TikTok Ads,43.81
ORD-13384,USR-1204,2026-03-19,Google Ads,105.56
ORD-13385,USR-1823,2026-04-09,Organic Search,94.29
ORD-13386,USR-1535,2026-06-22,Meta Ads,20.47
ORD-13387,USR-1949,2026-04-19,Meta Ads,95.45
ORD-13388,USR-1128,2026-02-18,TikTok Ads,55.66
ORD-13389,USR-1076,2026-02-04,Organic Search,18.37
ORD-13390,USR-1642,2026-01-14,Google Ads,24.22
ORD-13391,USR-2292,2026-03-06,Google Ads,74.52
ORD-13392,USR-1679,2026-05-22,Google Ads,86.91
ORD-13393,USR-1937,2026-02-24,TikTok Ads,87.7
ORD-13394,USR-1848,2026-03-20,Google Ads,52.99
ORD-13395,USR-2169,2026-02-21,Meta Ads,56.4
ORD-13396,USR-2277,2026-05-20,Meta Ads,54.55
ORD-13397,USR-1129,2026-03-13,TikTok Ads,42.64
ORD-13398,USR-2004,2026-03-09,Direct,99.9
ORD-13399,USR-2126,2026-04-17,Meta Ads,64.62
ORD-13400,USR-1509,2026-05-14,Google Ads,88.15
ORD-13401,USR-1511,2026-06-29,TikTok Ads,31.73
ORD-13402,USR-1599,2026-03-28,TikTok Ads,42.6
ORD-13403,USR-1016,2026-03-09,Meta Ads,51.82
ORD-13404,USR-2242,2026-05-18,Meta Ads,33.85
ORD-13405,USR-2347,2026-05-14,Organic Search,88.85
ORD-13406,USR-1825,2026-04-14,Google Ads,72.15
ORD-13407,USR-2310,2026-04-19,Google Ads,21.14
ORD-13408,USR-1477,2026-04-16,TikTok Ads,84.34
ORD-13409,USR-2175,2026-05-21,Google Ads,97.98
ORD-13410,USR-2156,2026-06-06,TikTok Ads,80.81
ORD-13411,USR-1717,2026-03-18,Direct,24.79
ORD-13412,USR-2177,2026-01-22,Google Ads,112.58
ORD-13413,USR-2200,2026-01-05,Organic Search,113.19
ORD-13414,USR-1746,2026-02-07,Direct,47.1
ORD-13415,USR-1683,2026-02-07,Meta Ads,101.26
ORD-13416,USR-2267,2026-03-06,Organic Search,116.46
ORD-13417,USR-1720,2026-05-11,TikTok Ads,15.5
ORD-13418,USR-1768,2026-04-23,Meta Ads,67.59
ORD-13419,USR-2397,2026-04-13,Google Ads,103.24
ORD-13420,USR-2363,2026-02-24,Organic Search,85.89
ORD-13421,USR-2327,2026-03-30,Organic Search,112.28
ORD-13422,USR-2018,2026-01-06,Google Ads,47.91
ORD-13423,USR-2424,2026-01-06,Organic Search,88.1
ORD-13424,USR-1137,2026-03-26,Direct,106.44
ORD-13425,USR-2248,2026-06-05,Google Ads,58.25
ORD-13426,USR-2157,2026-02-11,Meta Ads,78.33
ORD-13427,USR-2032,2026-02-11,Organic Search,36.78
ORD-13428,USR-2168,2026-02-03,Direct,87.83
ORD-13429,USR-1456,2026-02-19,TikTok Ads,70.57
ORD-13430,USR-2040,2026-02-15,Meta Ads,56.86
ORD-13431,USR-1949,2026-01-05,TikTok Ads,81.43
ORD-13432,USR-1858,2026-01-16,Google Ads,68.3
ORD-13433,USR-1746,2026-05-16,Google Ads,45.82
ORD-13434,USR-1951,2026-02-07,Organic Search,28.52
ORD-13435,USR-1306,2026-01-09,TikTok Ads,85.16
ORD-13436,USR-1098,2026-01-31,Meta Ads,17.25
ORD-13437,USR-1813,2026-01-29,Google Ads,105.54
ORD-13438,USR-1087,2026-02-01,Meta Ads,58.95
ORD-13439,USR-1585,2026-05-11,Meta Ads,78.13
ORD-13440,USR-1796,2026-05-04,Google Ads,33.32
ORD-13441,USR-1900,2026-05-01,TikTok Ads,97.97
ORD-13442,USR-2327,2026-04-19,Direct,17.32
ORD-13443,USR-1981,2026-03-20,Meta Ads,61.69
ORD-13444,USR-1383,2026-02-20,Meta Ads,82.01
ORD-13445,USR-1880,2026-02-27,TikTok Ads,54.84
ORD-13446,USR-1532,2026-04-30,Meta Ads,74.86
ORD-13447,USR-1597,2026-06-02,Meta Ads,107.67
ORD-13448,USR-2325,2026-04-22,TikTok Ads,88.92
ORD-13449,USR-1212,2026-06-20,Meta Ads,47.1
ORD-13450,USR-2108,2026-05-08,TikTok Ads,81.82
ORD-13451,USR-2266,2026-03-03,Meta Ads,35.75
ORD-13452,USR-2016,2026-02-14,TikTok Ads,44.45
ORD-13453,USR-1953,2026-03-30,Direct,84.21
ORD-13454,USR-2274,2026-02-04,Google Ads,46.08
ORD-13455,USR-2479,2026-02-19,Organic Search,34.18
ORD-13456,USR-2424,2026-05-27,Google Ads,34.26
ORD-13457,USR-2135,2026-05-02,Direct,47.55
ORD-13458,USR-2121,2026-06-19,Meta Ads,102.45
ORD-13459,USR-1007,2026-06-17,Meta Ads,118.34
ORD-13460,USR-2042,2026-04-14,Google Ads,46.0
ORD-13461,USR-1849,2026-02-18,Google Ads,85.03
ORD-13462,USR-1570,2026-03-07,Meta Ads,104.69
ORD-13463,USR-1120,2026-03-22,Meta Ads,86.01
ORD-13464,USR-1095,2026-01-05,Direct,39.13
ORD-13465,USR-1001,2026-04-11,Google Ads,18.38
ORD-13466,USR-2391,2026-05-08,TikTok Ads,103.83
ORD-13467,USR-1732,2026-06-25,Google Ads,71.41
ORD-13468,USR-1273,2026-01-02,Meta Ads,105.0
ORD-13469,USR-1278,2026-01-15,Organic Search,116.84
ORD-13470,USR-2328,2026-04-03,Direct,23.8
ORD-13471,USR-1329,2026-01-18,TikTok Ads,60.29
ORD-13472,USR-1140,2026-06-21,Google Ads,78.77
ORD-13473,USR-2268,2026-06-19,TikTok Ads,92.04
ORD-13474,USR-1869,2026-04-05,Meta Ads,73.14
ORD-13475,USR-1392,2026-05-20,Meta Ads,72.62
ORD-13476,USR-2448,2026-02-19,Google Ads,15.76
ORD-13477,USR-1027,2026-03-20,Meta Ads,53.37
ORD-13478,USR-1097,2026-04-29,Google Ads,83.15
ORD-13479,USR-1178,2026-02-08,Organic Search,103.24
ORD-13480,USR-1452,2026-01-26,Meta Ads,88.48
ORD-13481,USR-1248,2026-02-22,Organic Search,23.15
ORD-13482,USR-1500,2026-05-03,TikTok Ads,113.01
ORD-13483,USR-1835,2026-03-10,Organic Search,90.04
ORD-13484,USR-1235,2026-04-27,TikTok Ads,96.31
ORD-13485,USR-2429,2026-01-15,TikTok Ads,36.41
ORD-13486,USR-2492,2026-03-18,Meta Ads,56.09
ORD-13487,USR-2437,2026-04-07,Google Ads,95.75
ORD-13488,USR-2321,2026-06-22,Google Ads,36.74
ORD-13489,USR-1870,2026-02-01,TikTok Ads,55.7
ORD-13490,USR-2433,2026-03-19,Google Ads,34.78
ORD-13491,USR-2019,2026-02-01,Meta Ads,108.8
ORD-13492,USR-1017,2026-06-09,TikTok Ads,102.45
ORD-13493,USR-1231,2026-04-29,Google Ads,119.01
ORD-13494,USR-1836,2026-06-17,Google Ads,21.79
ORD-13495,USR-2431,2026-03-19,Meta Ads,76.02
ORD-13496,USR-1673,2026-05-20,Organic Search,61.46
ORD-13497,USR-1414,2026-06-23,Google Ads,41.31
ORD-13498,USR-2088,2026-04-13,Google Ads,17.81
ORD-13499,USR-2105,2026-06-02,Organic Search,60.04
